CustomerID,Recency,Frequency,Monetary,AverageOrderValue,FutureOrders,Churn
12346.0,225,1,77183.6,77183.6,0.0,1
12347.0,29,5,2790.86,558.172,1.0,0
12348.0,148,3,1487.24,495.74666666666667,1.0,0
12350.0,210,1,334.4,334.4,0.0,1
12352.0,162,5,1561.81,312.36199999999997,3.0,0
12353.0,104,1,89.0,89.0,0.0,1
12354.0,132,1,1079.4,1079.4,0.0,1
12355.0,114,1,459.4,459.4,0.0,1
12356.0,145,2,2753.08,1376.54,1.0,0
12358.0,50,1,484.86,484.86,0.0,1
12359.0,89,3,3495.73,1165.2433333333333,1.0,0
12360.0,12,2,1618.28,809.14,1.0,0
12361.0,187,1,189.9,189.9,0.0,1
12362.0,20,4,1747.35,436.8375,5.0,0
12363.0,9,2,552.0,276.0,0.0,1
12364.0,12,1,623.92,623.92,2.0,0
12365.0,191,2,641.38,320.69,0.0,1
12370.0,174,3,2802.66,934.2199999999999,1.0,0
12372.0,112,2,914.9200000000001,457.46000000000004,1.0,0
12373.0,211,1,364.6,364.6,0.0,1
12377.0,215,2,1628.12,814.06,0.0,1
12378.0,29,1,4008.62,4008.62,0.0,1
12379.0,70,1,459.84,459.84,1.0,0
12380.0,85,1,607.5500000000001,607.5500000000001,3.0,0
12381.0,19,1,1268.74,1268.74,3.0,0
12383.0,84,5,1850.56,370.11199999999997,0.0,1
12384.0,21,1,292.69,292.69,1.0,0
12386.0,237,2,401.9,200.95,0.0,1
12388.0,48,4,1668.3400000000001,417.08500000000004,2.0,0
12393.0,145,3,1061.1000000000001,353.70000000000005,1.0,0
12394.0,117,1,381.08,381.08,1.0,0
12395.0,12,8,1899.57,237.44625,4.0,0
12397.0,35,1,1214.81,1214.81,1.0,0
12399.0,19,4,1108.65,277.1625,0.0,1
12401.0,203,1,84.3,84.3,0.0,1
12402.0,223,1,225.6,225.6,0.0,1
12405.0,48,1,1710.39,1710.39,0.0,1
12406.0,83,1,1621.25,1621.25,1.0,0
12407.0,34,4,1407.3600000000001,351.84000000000003,1.0,0
12408.0,75,3,1491.77,497.25666666666666,2.0,0
12409.0,82,1,6207.08,6207.08,2.0,0
12410.0,208,2,693.3299999999999,346.66499999999996,0.0,1
12412.0,37,2,890.74,445.37,1.0,0
12413.0,136,2,563.9,281.95,1.0,0
12414.0,117,3,562.41,187.47,0.0,1
12415.0,13,13,99146.16,7626.627692307693,8.0,0
12417.0,6,7,2816.52,402.36,1.0,0
12418.0,12,1,668.58,668.58,0.0,1
12421.0,14,3,628.56,209.51999999999998,1.0,0
12422.0,68,2,655.86,327.93,1.0,0
12423.0,0,7,1650.67,235.81,0.0,1
12424.0,62,2,1760.96,880.48,0.0,1
12426.0,94,1,582.73,582.73,0.0,1
12427.0,271,1,303.5,303.5,2.0,0
12428.0,20,8,7548.12,943.515,1.0,0
12429.0,72,3,2844.88,948.2933333333334,0.0,1
12431.0,19,11,4807.07,437.00636363636363,4.0,0
12432.0,70,3,4016.66,1338.8866666666665,2.0,0
12433.0,266,2,3787.12,1893.56,2.0,0
12434.0,160,1,286.25,286.25,1.0,0
12435.0,167,1,3978.9900000000002,3978.9900000000002,1.0,0
12437.0,77,9,2476.73,275.1922222222222,7.0,0
12438.0,40,1,890.0699999999999,890.0699999999999,1.0,0
12441.0,266,1,173.55,173.55,0.0,1
12444.0,21,2,2627.27,1313.635,3.0,0
12447.0,143,1,476.49,476.49,0.0,1
12449.0,29,2,1636.88,818.44,2.0,0
12450.0,56,2,197.88,98.94,0.0,1
12451.0,118,2,5307.82,2653.91,3.0,0
12453.0,34,1,707.09,707.09,0.0,1
12455.0,27,5,2176.36,435.27200000000005,1.0,0
12456.0,31,2,2265.4,1132.7,1.0,0
12457.0,133,3,1067.25,355.75,4.0,0
12458.0,184,1,441.92,441.92,1.0,0
12461.0,54,1,626.88,626.88,1.0,0
12462.0,203,1,762.11,762.11,1.0,0
12463.0,75,3,985.79,328.59666666666664,1.0,0
12464.0,6,6,780.55,130.09166666666667,2.0,0
12465.0,69,1,440.94,440.94,1.0,0
12468.0,87,2,729.5400000000001,364.77000000000004,0.0,1
12471.0,7,19,11081.0,583.2105263157895,10.0,0
12472.0,38,5,4927.6,985.5200000000001,2.0,0
12473.0,14,2,1175.75,587.875,3.0,0
12474.0,37,12,3896.38,324.6983333333333,6.0,0
12476.0,41,6,3191.67,531.945,5.0,0
12477.0,0,3,8834.03,2944.6766666666667,3.0,0
12480.0,43,3,2144.95,714.9833333333332,1.0,0
12481.0,79,8,4085.2599999999998,510.65749999999997,2.0,0
12483.0,83,5,1314.6100000000001,262.922,3.0,0
12484.0,0,4,3658.65,914.6625,2.0,0
12489.0,236,1,334.93,334.93,0.0,1
12490.0,0,5,2516.77,503.354,4.0,0
12492.0,5,1,126.39000000000001,126.39000000000001,1.0,0
12493.0,65,2,433.74,216.87,0.0,1
12494.0,61,5,868.86,173.772,2.0,0
12500.0,6,6,1773.8400000000001,295.64000000000004,5.0,0
12501.0,236,1,2169.39,2169.39,0.0,1
12502.0,27,4,2631.52,657.88,1.0,0
12506.0,132,1,73.5,73.5,0.0,1
12507.0,34,3,1304.81,434.93666666666667,0.0,1
12509.0,184,1,176.5,176.5,0.0,1
12510.0,42,2,982.5699999999999,491.28499999999997,0.0,1
12513.0,12,1,612.29,612.29,0.0,1
12514.0,167,1,1017.68,1017.68,0.0,1
12515.0,253,1,383.7,383.7,0.0,1
12516.0,80,1,583.2,583.2,1.0,0
12517.0,26,2,1521.45,760.725,3.0,0
12518.0,10,1,324.83,324.83,3.0,0
12520.0,42,4,2045.85,511.4625,1.0,0
12521.0,42,1,599.68,599.68,0.0,1
12523.0,7,7,1017.75,145.39285714285714,4.0,0
12524.0,62,6,3122.48,520.4133333333333,1.0,0
12527.0,194,2,284.92,142.46,1.0,0
12528.0,14,4,1287.37,321.8425,1.0,0
12530.0,23,3,1221.65,407.2166666666667,1.0,0
12534.0,30,1,1089.18,1089.18,0.0,1
12535.0,86,1,371.45,371.45,1.0,0
12539.0,162,3,4517.69,1505.8966666666665,1.0,0
12540.0,7,10,8786.869999999999,878.6869999999999,7.0,0
12541.0,73,2,536.14,268.07,1.0,0
12545.0,159,1,628.15,628.15,1.0,0
12547.0,97,2,207.79999999999998,103.89999999999999,0.0,1
12548.0,66,1,95.19999999999999,95.19999999999999,0.0,1
12551.0,257,1,168.0,168.0,0.0,1
12553.0,10,7,2419.59,345.6557142857143,2.0,0
12556.0,51,1,308.75,308.75,1.0,0
12557.0,58,4,9000.960000000001,2250.2400000000002,1.0,0
12559.0,210,2,561.71,280.855,0.0,1
12560.0,12,2,1436.31,718.155,0.0,1
12561.0,202,1,238.85,238.85,0.0,1
12562.0,26,3,1605.23,535.0766666666667,3.0,0
12564.0,161,1,456.9,456.9,0.0,1
12565.0,188,1,145.92,145.92,0.0,1
12567.0,8,8,6958.16,869.77,2.0,0
12569.0,7,12,1883.02,156.91833333333332,14.0,0
12571.0,21,1,248.35,248.35,1.0,0
12573.0,127,1,160.54000000000002,160.54000000000002,0.0,1
12574.0,215,1,218.45,218.45,0.0,1
12576.0,49,3,660.85,220.28333333333333,2.0,0
12577.0,259,1,195.89,195.89,2.0,0
12578.0,230,1,1608.66,1608.66,1.0,0
12580.0,146,1,415.7,415.7,0.0,1
12582.0,138,2,511.36,255.68,0.0,1
12583.0,6,9,4232.21,470.24555555555554,5.0,0
12584.0,27,4,782.59,195.6475,4.0,0
12585.0,134,2,2040.1,1020.05,0.0,1
12589.0,44,1,131.5,131.5,1.0,0
12590.0,111,2,9864.26,4932.13,0.0,1
12591.0,217,1,452.84999999999997,452.84999999999997,0.0,1
12592.0,113,1,231.8,231.8,1.0,0
12593.0,8,3,418.09999999999997,139.36666666666665,0.0,1
12594.0,21,8,2529.9,316.2375,2.0,0
12596.0,142,1,269.95,269.95,1.0,0
12597.0,83,2,1428.81,714.405,2.0,0
12598.0,61,4,1584.3799999999999,396.09499999999997,3.0,0
12599.0,26,6,857.04,142.84,1.0,0
12600.0,12,8,1936.5600000000002,242.07000000000002,2.0,0
12601.0,89,5,577.0600000000001,115.412,0.0,1
12604.0,161,1,178.5,178.5,1.0,0
12609.0,86,2,800.73,400.365,1.0,0
12610.0,6,2,1256.25,628.125,3.0,0
12613.0,97,4,1462.52,365.63,1.0,0
12614.0,177,1,315.6,315.6,0.0,1
12615.0,68,1,634.74,634.74,2.0,0
12616.0,197,1,255.6,255.6,1.0,0
12619.0,16,5,2087.46,417.492,4.0,0
12620.0,104,1,561.66,561.66,2.0,0
12621.0,0,15,10195.04,679.6693333333334,4.0,0
12622.0,132,1,180.1,180.1,0.0,1
12623.0,176,1,305.1,305.1,0.0,1
12624.0,6,2,641.13,320.565,0.0,1
12625.0,111,2,2683.82,1341.91,0.0,1
12626.0,12,6,4774.0,795.6666666666666,3.0,0
12627.0,8,4,1908.57,477.1425,3.0,0
12633.0,29,3,1948.75,649.5833333333334,1.0,0
12635.0,54,1,683.64,683.64,1.0,0
12637.0,57,5,3049.5,609.9,3.0,0
12639.0,138,1,486.1,486.1,0.0,1
12641.0,15,1,185.9,185.9,0.0,1
12642.0,7,1,366.45,366.45,2.0,0
12643.0,28,6,3344.64,557.4399999999999,0.0,1
12644.0,29,1,477.91,477.91,0.0,1
12645.0,9,3,1310.8600000000001,436.9533333333334,1.0,0
12647.0,26,9,2886.71,320.74555555555554,3.0,0
12648.0,54,1,318.05,318.05,0.0,1
12649.0,7,3,623.51,207.83666666666667,0.0,1
12651.0,234,1,114.0,114.0,0.0,1
12652.0,231,1,919.98,919.98,0.0,1
12653.0,48,2,2209.85,1104.925,0.0,1
12654.0,97,3,337.75,112.58333333333333,2.0,0
12656.0,16,3,2820.67,940.2233333333334,2.0,0
12662.0,7,7,2653.66,379.0942857142857,3.0,0
12664.0,43,3,1957.48,652.4933333333333,5.0,0
12665.0,224,1,63.0,63.0,0.0,1
12668.0,159,3,2924.4700000000003,974.8233333333334,1.0,0
12669.0,50,3,2744.0299999999997,914.6766666666666,0.0,1
12670.0,99,2,1026.3899999999999,513.1949999999999,3.0,0
12672.0,229,1,225.89999999999998,225.89999999999998,0.0,1
12673.0,226,1,220.9,220.9,0.0,1
12674.0,70,2,976.8,488.4,2.0,0
12676.0,23,4,998.0500000000001,249.51250000000002,2.0,0
12678.0,0,9,8282.26,920.2511111111112,3.0,0
12679.0,105,2,906.38,453.19,2.0,0
12680.0,13,1,311.78,311.78,2.0,0
12681.0,51,15,9866.58,657.772,7.0,0
12682.0,0,20,8219.92,410.996,9.0,0
12683.0,5,11,6217.88,565.2618181818182,2.0,0
12684.0,70,4,1379.48,344.87,2.0,0
12686.0,271,1,89.14,89.14,0.0,1
12688.0,13,1,4873.8099999999995,4873.8099999999995,0.0,1
12689.0,27,1,511.03,511.03,1.0,0
12690.0,105,1,389.01,389.01,0.0,1
12691.0,45,4,556.3,139.075,2.0,0
12693.0,27,4,855.91,213.9775,0.0,1
12694.0,83,1,439.5,439.5,1.0,0
12695.0,7,2,333.90000000000003,166.95000000000002,1.0,0
12697.0,31,2,733.91,366.955,1.0,0
12700.0,56,2,2149.05,1074.525,1.0,0
12701.0,142,1,337.08,337.08,1.0,0
12704.0,5,3,1100.92,366.97333333333336,4.0,0
12705.0,58,4,4162.52,1040.63,5.0,0
12707.0,191,1,603.42,603.42,0.0,1
12708.0,1,7,2031.77,290.2528571428571,3.0,0
12709.0,35,10,6439.11,643.911,5.0,0
12710.0,61,2,790.36,395.18,1.0,0
12712.0,6,11,3913.08,355.73454545454547,2.0,0
12714.0,6,4,3389.7,847.425,0.0,1
12715.0,6,1,343.36,343.36,0.0,1
12716.0,33,1,677.9,677.9,0.0,1
12717.0,51,2,1030.98,515.49,0.0,1
12720.0,24,15,3314.5,220.96666666666667,9.0,0
12721.0,83,4,1698.91,424.7275,2.0,0
12722.0,14,3,929.65,309.8833333333333,1.0,0
12724.0,73,2,280.36,140.18,1.0,0
12725.0,271,1,427.8,427.8,0.0,1
12726.0,84,5,1467.32,293.464,2.0,0
12727.0,87,5,2800.4,560.08,2.0,0
12728.0,157,3,617.31,205.76999999999998,1.0,0
12729.0,13,1,453.01,453.01,0.0,1
12731.0,44,8,11324.25,1415.53125,4.0,0
12732.0,79,1,236.26000000000002,236.26000000000002,0.0,1
12733.0,134,1,383.95,383.95,0.0,1
12734.0,252,1,110.39999999999999,110.39999999999999,0.0,1
12735.0,215,2,779.5699999999999,389.78499999999997,0.0,1
12736.0,232,1,234.0,234.0,0.0,1
12738.0,272,1,155.35,155.35,0.0,1
12743.0,34,2,540.13,270.065,0.0,1
12744.0,44,5,14211.970000000001,2842.3940000000002,2.0,0
12747.0,9,8,2769.4,346.175,2.0,0
12748.0,1,127,13339.05,105.03188976377952,73.0,0
12749.0,30,3,2755.23,918.41,1.0,0
12750.0,28,1,275.88,275.88,0.0,1
12753.0,35,5,16620.91,3324.182,1.0,0
12754.0,135,3,3010.74,1003.5799999999999,0.0,1
12755.0,180,2,3811.95,1905.975,0.0,1
12757.0,42,7,5281.08,754.4399999999999,6.0,0
12758.0,16,2,2791.59,1395.795,0.0,1
12759.0,71,2,1082.52,541.26,1.0,0
12763.0,38,2,494.08,247.04,0.0,1
12764.0,216,1,1693.88,1693.88,0.0,1
12766.0,49,5,4952.1900000000005,990.4380000000001,1.0,0
12769.0,138,1,1143.6,1143.6,0.0,1
12770.0,110,1,1351.45,1351.45,0.0,1
12775.0,89,4,1164.68,291.17,1.0,0
12778.0,83,4,492.06,123.015,2.0,0
12779.0,89,7,2999.41,428.4871428571428,1.0,0
12781.0,184,1,549.26,549.26,1.0,0
12782.0,49,4,2078.67,519.6675,0.0,1
12785.0,264,1,311.95,311.95,0.0,1
12787.0,92,1,158.1,158.1,1.0,0
12790.0,92,1,324.92,324.92,0.0,1
12791.0,273,1,192.60000000000002,192.60000000000002,0.0,1
12792.0,156,1,400.53999999999996,400.53999999999996,0.0,1
12793.0,234,2,545.48,272.74,0.0,1
12797.0,265,1,254.03,254.03,0.0,1
12798.0,70,1,1607.04,1607.04,2.0,0
12802.0,86,1,427.58,427.58,0.0,1
12808.0,84,2,281.35,140.675,1.0,0
12809.0,77,1,489.31,489.31,0.0,1
12811.0,160,3,514.85,171.61666666666667,0.0,1
12814.0,1,1,125.92,125.92,0.0,1
12815.0,47,2,1063.46,531.73,0.0,1
12816.0,76,1,318.65000000000003,318.65000000000003,1.0,0
12817.0,181,1,166.04,166.04,0.0,1
12818.0,161,1,1542.08,1542.08,0.0,1
12820.0,226,1,170.46,170.46,2.0,0
12821.0,114,1,92.72,92.72,0.0,1
12823.0,27,4,1224.0,306.0,1.0,0
12826.0,78,4,818.62,204.655,2.0,0
12828.0,12,2,338.2,169.1,2.0,0
12829.0,236,2,293.0,146.5,0.0,1
12830.0,34,4,5204.0,1301.0,2.0,0
12831.0,162,1,215.05,215.05,0.0,1
12833.0,45,1,417.38,417.38,0.0,1
12834.0,182,1,312.38,312.38,0.0,1
12836.0,37,3,2112.53,704.1766666666667,1.0,0
12837.0,73,1,134.1,134.1,0.0,1
12838.0,273,1,390.79,390.79,1.0,0
12839.0,13,8,2683.81,335.47625,5.0,0
12840.0,43,4,2726.77,681.6925,0.0,1
12841.0,6,17,2829.91,166.46529411764706,6.0,0
12842.0,208,1,310.73,310.73,1.0,0
12843.0,59,7,1692.31,241.75857142857143,1.0,0
12844.0,30,1,174.88,174.88,1.0,0
12845.0,167,4,354.09,88.5225,0.0,1
12849.0,168,1,668.8499999999999,668.8499999999999,1.0,0
12852.0,194,1,311.55,311.55,0.0,1
12853.0,34,6,1957.1000000000001,326.18333333333334,0.0,1
12854.0,141,2,810.37,405.185,1.0,0
12855.0,272,1,38.1,38.1,0.0,1
12857.0,110,2,1106.4,553.2,0.0,1
12864.0,38,1,147.12,147.12,0.0,1
12865.0,23,1,981.38,981.38,1.0,0
12866.0,183,1,559.12,559.12,0.0,1
12867.0,65,5,2343.3,468.66,2.0,0
12868.0,85,6,1607.0600000000002,267.84333333333336,0.0,1
12871.0,107,1,132.0,132.0,1.0,0
12872.0,226,2,599.97,299.985,0.0,1
12873.0,182,1,374.0,374.0,0.0,1
12875.0,43,2,343.2300000000001,171.61500000000004,0.0,1
12876.0,96,1,726.43,726.43,1.0,0
12877.0,24,9,1059.23,117.69222222222223,2.0,0
12878.0,136,2,854.99,427.495,0.0,1
12881.0,175,1,298.0,298.0,0.0,1
12885.0,23,1,645.35,645.35,2.0,0
12886.0,119,1,775.0,775.0,1.0,0
12888.0,114,2,354.12,177.06,0.0,1
12891.0,85,3,331.0,110.33333333333333,0.0,1
12897.0,104,2,216.5,108.25,0.0,1
12901.0,8,19,11639.470000000001,612.6036842105264,8.0,0
12902.0,164,1,138.68,138.68,0.0,1
12904.0,72,1,244.69,244.69,1.0,0
12908.0,76,2,750.0,375.0,0.0,1
12909.0,101,3,1528.37,509.45666666666665,2.0,0
12910.0,34,4,1486.9,371.725,4.0,0
12913.0,182,3,866.39,288.7966666666667,1.0,0
12915.0,48,2,363.65,181.825,0.0,1
12916.0,38,4,2944.95,736.2375,0.0,1
12917.0,28,1,594.0,594.0,0.0,1
12919.0,16,3,441.65,147.21666666666667,2.0,0
12921.0,30,22,8924.55,405.6613636363636,13.0,0
12922.0,61,1,405.38,405.38,0.0,1
12924.0,98,3,655.27,218.42333333333332,1.0,0
12928.0,47,3,1136.14,378.71333333333337,2.0,0
12929.0,211,1,117.85,117.85,0.0,1
12930.0,71,1,221.56,221.56,1.0,0
12931.0,1,11,32530.7,2957.336363636364,4.0,0
12933.0,71,2,357.49,178.745,1.0,0
12935.0,9,4,1535.34,383.835,1.0,0
12937.0,97,2,428.23,214.115,2.0,0
12939.0,38,4,7990.08,1997.52,4.0,0
12942.0,31,3,675.6,225.20000000000002,0.0,1
12944.0,254,1,286.95,286.95,1.0,0
12945.0,188,1,462.95,462.95,0.0,1
12947.0,43,6,1603.99,267.33166666666665,0.0,1
12948.0,5,4,1423.96,355.99,3.0,0
12949.0,14,7,3449.42,492.7742857142857,1.0,0
12951.0,73,5,751.78,150.356,0.0,1
12955.0,43,5,1346.9199999999998,269.38399999999996,4.0,0
12956.0,206,1,108.07,108.07,0.0,1
12957.0,86,4,1715.29,428.8225,3.0,0
12962.0,13,1,170.54000000000002,170.54000000000002,0.0,1
12963.0,265,1,365.8,365.8,6.0,0
12967.0,258,2,1660.9,830.45,0.0,1
12968.0,12,1,135.95,135.95,0.0,1
12970.0,222,2,23.8,11.9,0.0,1
12971.0,7,61,7854.76,128.7665573770492,23.0,0
12974.0,97,1,144.8,144.8,0.0,1
12976.0,111,1,738.6,738.6,0.0,1
12977.0,56,1,39.239999999999995,39.239999999999995,0.0,1
12980.0,57,9,7374.900000000001,819.4333333333334,0.0,1
12981.0,33,1,187.18,187.18,1.0,0
12982.0,142,1,390.54,390.54,0.0,1
12987.0,97,1,304.3,304.3,1.0,0
12988.0,192,1,505.82,505.82,0.0,1
12989.0,57,8,4469.14,558.6425,5.0,0
12990.0,85,2,263.9,131.95,1.0,0
12991.0,12,1,303.56,303.56,1.0,0
12993.0,20,3,372.4,124.13333333333333,1.0,0
12994.0,20,2,645.47,322.735,0.0,1
12997.0,136,2,608.47,304.235,2.0,0
12999.0,96,3,455.88,151.96,0.0,1
13000.0,6,3,534.85,178.28333333333333,0.0,1
13001.0,58,11,8582.57,780.2336363636364,1.0,0
13002.0,218,1,120.94999999999999,120.94999999999999,0.0,1
13003.0,5,3,149.05,49.68333333333334,0.0,1
13004.0,14,12,3785.09,315.4241666666667,6.0,0
13005.0,73,2,513.7,256.85,0.0,1
13008.0,223,1,229.46999999999997,229.46999999999997,0.0,1
13011.0,272,1,50.550000000000004,50.550000000000004,0.0,1
13012.0,48,4,1012.3100000000001,253.07750000000001,3.0,0
13013.0,7,8,3382.79,422.84875,4.0,0
13014.0,13,5,2022.48,404.496,5.0,0
13015.0,97,4,1763.04,440.76,1.0,0
13016.0,23,1,425.25,425.25,2.0,0
13018.0,22,17,4788.85,281.69705882352946,11.0,0
13021.0,66,4,1152.47,288.1175,4.0,0
13023.0,29,1,336.40000000000003,336.40000000000003,1.0,0
13026.0,120,2,243.71999999999997,121.85999999999999,2.0,0
13027.0,13,6,6912.0,1152.0,0.0,1
13029.0,38,2,773.1999999999999,386.59999999999997,1.0,0
13030.0,268,1,402.36,402.36,1.0,0
13033.0,257,1,190.55,190.55,0.0,1
13034.0,269,1,165.86,165.86,1.0,0
13035.0,160,1,333.0,333.0,1.0,0
13037.0,38,3,881.07,293.69,0.0,1
13038.0,83,2,591.76,295.88,1.0,0
13043.0,173,1,516.42,516.42,0.0,1
13044.0,191,1,560.47,560.47,0.0,1
13046.0,166,1,197.72,197.72,1.0,0
13047.0,27,8,2682.01,335.25125,2.0,0
13048.0,13,3,1358.55,452.84999999999997,1.0,0
13049.0,218,1,153.78,153.78,1.0,0
13050.0,6,13,4509.74,346.9030769230769,4.0,0
13052.0,112,1,348.15000000000003,348.15000000000003,0.0,1
13055.0,113,1,344.86,344.86,2.0,0
13058.0,51,1,47.550000000000004,47.550000000000004,2.0,0
13059.0,149,1,183.4,183.4,0.0,1
13060.0,153,1,307.53,307.53,0.0,1
13062.0,91,1,346.98,346.98,0.0,1
13064.0,52,2,659.25,329.625,2.0,0
13065.0,273,1,205.86,205.86,0.0,1
13068.0,219,1,165.0,165.0,1.0,0
13069.0,19,19,3393.26,178.5926315789474,4.0,0
13070.0,92,1,228.8,228.8,0.0,1
13072.0,166,1,177.15,177.15,0.0,1
13075.0,29,1,919.61,919.61,0.0,1
13077.0,190,3,576.19,192.06333333333336,0.0,1
13078.0,6,15,6917.150000000001,461.1433333333334,10.0,0
13079.0,40,1,23.8,23.8,3.0,0
13080.0,79,1,58.08,58.08,0.0,1
13081.0,43,8,18870.12,2358.765,3.0,0
13082.0,26,9,3613.63,401.51444444444445,0.0,1
13085.0,57,2,416.08000000000004,208.04000000000002,0.0,1
13089.0,0,69,38946.9,564.4478260869565,24.0,0
13090.0,36,9,4912.02,545.7800000000001,4.0,0
13092.0,111,4,439.75,109.9375,1.0,0
13093.0,175,8,7832.47,979.05875,0.0,1
13094.0,29,10,1545.72,154.572,2.0,0
13097.0,22,8,4636.51,579.56375,2.0,0
13098.0,13,17,14468.08,851.0635294117646,7.0,0
13101.0,134,1,101.19,101.19,0.0,1
13102.0,33,19,4961.7,261.1421052631579,3.0,0
13104.0,33,3,376.44,125.48,2.0,0
13106.0,33,1,76.5,76.5,0.0,1
13107.0,75,2,935.22,467.61,2.0,0
13108.0,272,1,350.06,350.06,0.0,1
13109.0,57,1,369.85,369.85,1.0,0
13110.0,37,5,1042.24,208.448,2.0,0
13113.0,13,20,10787.06,539.353,3.0,0
13115.0,84,1,878.55,878.55,3.0,0
13116.0,38,1,501.14,501.14,0.0,1
13117.0,21,7,841.77,120.25285714285714,1.0,0
13118.0,108,3,799.7,266.56666666666666,2.0,0
13120.0,138,1,30.599999999999998,30.599999999999998,0.0,1
13121.0,169,1,283.73,283.73,0.0,1
13122.0,140,1,903.67,903.67,1.0,0
13124.0,152,2,2516.47,1258.235,1.0,0
13126.0,153,5,1077.42,215.484,2.0,0
13131.0,87,1,324.9,324.9,2.0,0
13132.0,161,1,77.3,77.3,0.0,1
13133.0,173,2,109.8,54.9,0.0,1
13134.0,83,3,885.74,295.24666666666667,1.0,0
13135.0,96,1,3096.0,3096.0,0.0,1
13136.0,42,3,1226.68,408.8933333333334,2.0,0
13137.0,3,4,1428.76,357.19,4.0,0
13138.0,33,3,489.45,163.15,3.0,0
13139.0,9,3,1710.94,570.3133333333334,4.0,0
13140.0,8,3,422.47,140.82333333333335,0.0,1
13141.0,114,4,1401.03,350.2575,1.0,0
13144.0,232,1,110.95,110.95,0.0,1
13145.0,27,2,413.8,206.9,2.0,0
13148.0,33,10,2766.01,276.601,2.0,0
13149.0,6,3,1132.62,377.53999999999996,1.0,0
13151.0,195,1,1257.8700000000001,1257.8700000000001,0.0,1
13155.0,226,2,569.2,284.6,2.0,0
13157.0,41,3,873.1999999999999,291.06666666666666,1.0,0
13158.0,19,3,868.17,289.39,1.0,0
13159.0,6,2,843.09,421.545,1.0,0
13161.0,213,1,112.75,112.75,0.0,1
13162.0,22,4,1688.29,422.0725,0.0,1
13165.0,251,1,354.64,354.64,1.0,0
13166.0,183,1,417.2,417.2,0.0,1
13167.0,30,2,417.55,208.775,2.0,0
13168.0,99,3,953.0600000000001,317.68666666666667,1.0,0
13169.0,152,1,505.2,505.2,1.0,0
13171.0,199,1,140.35,140.35,2.0,0
13173.0,267,1,165.94,165.94,0.0,1
13174.0,216,2,2034.06,1017.03,1.0,0
13178.0,33,8,4391.7300000000005,548.9662500000001,3.0,0
13183.0,1,6,2394.98,399.16333333333336,2.0,0
13184.0,30,9,1472.1,163.56666666666666,1.0,0
13185.0,167,1,71.4,71.4,0.0,1
13186.0,28,1,988.34,988.34,2.0,0
13187.0,237,1,236.02,236.02,0.0,1
13189.0,15,1,127.0,127.0,1.0,0
13192.0,105,1,464.32,464.32,1.0,0
13194.0,35,1,60.7,60.7,0.0,1
13196.0,162,1,512.13,512.13,3.0,0
13198.0,20,5,3009.18,601.836,1.0,0
13199.0,3,21,4553.84,216.84952380952382,14.0,0
13200.0,26,1,319.32,319.32,3.0,0
13203.0,20,2,309.86,154.93,1.0,0
13207.0,50,1,197.52000000000004,197.52000000000004,1.0,0
13208.0,55,4,828.8199999999999,207.20499999999998,2.0,0
13209.0,28,5,4156.08,831.216,3.0,0
13211.0,261,1,110.7,110.7,2.0,0
13213.0,28,4,963.88,240.97,1.0,0
13216.0,167,1,333.74,333.74,0.0,1
13217.0,22,3,533.98,177.99333333333334,0.0,1
13218.0,27,1,62.63999999999999,62.63999999999999,0.0,1
13220.0,85,3,726.49,242.16333333333333,1.0,0
13221.0,140,2,847.41,423.705,0.0,1
13223.0,100,2,163.20000000000002,81.60000000000001,0.0,1
13224.0,51,1,1212.26,1212.26,1.0,0
13225.0,43,5,4299.56,859.912,1.0,0
13226.0,173,1,108.21000000000001,108.21000000000001,0.0,1
13227.0,101,1,257.7,257.7,0.0,1
13229.0,125,1,160.95,160.95,0.0,1
13230.0,38,12,2195.23,182.93583333333333,1.0,0
13232.0,80,4,861.45,215.3625,3.0,0
13233.0,236,1,304.24,304.24,1.0,0
13235.0,112,1,1031.07,1031.07,0.0,1
13236.0,6,1,439.23,439.23,1.0,0
13238.0,63,2,318.85,159.425,2.0,0
13239.0,161,1,329.56,329.56,0.0,1
13240.0,73,3,553.61,184.53666666666666,1.0,0
13242.0,12,3,270.40000000000003,90.13333333333334,0.0,1
13243.0,103,1,585.12,585.12,0.0,1
13246.0,76,5,1838.51,367.702,1.0,0
13248.0,24,2,465.68,232.84,0.0,1
13249.0,161,1,291.84000000000003,291.84000000000003,2.0,0
13253.0,56,2,1030.4,515.2,0.0,1
13255.0,273,1,225.7,225.7,0.0,1
13258.0,105,1,198.87,198.87,2.0,0
13261.0,168,2,944.1,472.05,0.0,1
13262.0,163,1,200.29,200.29,0.0,1
13263.0,8,23,4854.79,211.07782608695652,10.0,0
13265.0,83,3,1450.66,483.55333333333334,2.0,0
13266.0,12,8,2535.58,316.9475,4.0,0
13267.0,10,14,2800.94,200.06714285714287,4.0,0
13268.0,69,6,2117.81,352.9683333333333,5.0,0
13269.0,9,8,2978.5,372.3125,6.0,0
13270.0,266,1,590.0,590.0,0.0,1
13273.0,13,1,138.98,138.98,0.0,1
13277.0,16,2,125.9,62.95,2.0,0
13280.0,22,3,798.46,266.15333333333336,0.0,1
13282.0,62,2,773.1,386.55,1.0,0
13283.0,85,1,25.5,25.5,1.0,0
13284.0,230,1,201.19,201.19,0.0,1
13285.0,61,3,1970.1,656.6999999999999,1.0,0
13291.0,55,1,361.11,361.11,0.0,1
13292.0,184,1,249.57,249.57,1.0,0
13294.0,89,2,873.74,436.87,0.0,1
13295.0,259,1,201.20000000000002,201.20000000000002,0.0,1
13296.0,37,1,87.4,87.4,0.0,1
13299.0,168,1,142.5,142.5,0.0,1
13300.0,69,1,371.89,371.89,0.0,1
13301.0,3,4,618.09,154.5225,0.0,1
13302.0,55,1,63.75,63.75,0.0,1
13304.0,251,1,300.42,300.42,0.0,1
13305.0,15,6,1085.75,180.95833333333334,3.0,0
13307.0,20,1,15.0,15.0,0.0,1
13308.0,103,1,814.95,814.95,2.0,0
13309.0,106,2,546.64,273.32,2.0,0
13310.0,106,2,817.65,408.825,1.0,0
13311.0,50,1,490.11,490.11,0.0,1
13313.0,41,3,918.34,306.11333333333334,2.0,0
13316.0,31,2,3535.18,1767.59,2.0,0
13317.0,98,5,1313.98,262.796,1.0,0
13319.0,13,18,6897.070000000001,383.1705555555556,7.0,0
13320.0,6,3,981.15,327.05,1.0,0
13324.0,103,7,3798.99,542.7128571428572,3.0,0
13327.0,12,7,2738.75,391.25,1.0,0
13328.0,216,1,1308.48,1308.48,0.0,1
13329.0,266,1,304.2,304.2,1.0,0
13330.0,85,2,728.22,364.11,1.0,0
13334.0,90,2,2708.59,1354.295,1.0,0
13338.0,57,1,487.02,487.02,0.0,1
13339.0,100,1,860.12,860.12,0.0,1
13340.0,5,5,9229.54,1845.9080000000001,2.0,0
13341.0,160,1,775.85,775.85,0.0,1
13343.0,77,1,353.43,353.43,0.0,1
13344.0,177,1,1656.15,1656.15,2.0,0
13345.0,187,1,389.5,389.5,0.0,1
13355.0,22,1,674.7,674.7,0.0,1
13357.0,157,1,609.4,609.4,0.0,1
13358.0,168,1,439.03,439.03,0.0,1
13362.0,145,2,1581.53,790.765,1.0,0
13365.0,117,1,700.6,700.6,1.0,0
13368.0,156,2,623.4,311.7,0.0,1
13369.0,265,1,308.28000000000003,308.28000000000003,0.0,1
13370.0,271,1,754.87,754.87,0.0,1
13373.0,58,2,2055.58,1027.79,1.0,0
13376.0,103,2,770.0,385.0,1.0,0
13379.0,36,1,136.29,136.29,2.0,0
13381.0,13,4,2461.33,615.3325,2.0,0
13382.0,180,1,222.99,222.99,0.0,1
13384.0,28,2,1755.84,877.92,5.0,0
13385.0,229,1,534.57,534.57,0.0,1
13388.0,31,2,677.1,338.55,0.0,1
13389.0,132,1,257.89,257.89,2.0,0
13391.0,103,1,59.8,59.8,0.0,1
13394.0,15,5,1543.45,308.69,2.0,0
13395.0,85,1,307.72,307.72,0.0,1
13396.0,219,1,387.27000000000004,387.27000000000004,1.0,0
13397.0,10,4,1228.19,307.0475,1.0,0
13398.0,92,1,457.34,457.34,0.0,1
13402.0,27,2,621.23,310.615,0.0,1
13404.0,112,1,217.81,217.81,0.0,1
13405.0,104,2,557.45,278.725,1.0,0
13408.0,6,40,17408.08,435.20200000000006,19.0,0
13410.0,87,3,545.04,181.67999999999998,2.0,0
13411.0,7,1,213.55,213.55,0.0,1
13414.0,33,3,1390.5,463.5,0.0,1
13417.0,105,1,236.0,236.0,0.0,1
13418.0,24,14,4342.13,310.15214285714285,4.0,0
13420.0,49,2,159.85,79.925,0.0,1
13421.0,190,1,825.04,825.04,1.0,0
13425.0,8,3,1624.21,541.4033333333333,0.0,1
13426.0,82,5,1558.68,311.736,4.0,0
13427.0,20,2,464.86,232.43,1.0,0
13435.0,10,3,1088.1200000000001,362.7066666666667,3.0,0
13437.0,29,3,2024.25,674.75,4.0,0
13439.0,155,1,283.71,283.71,0.0,1
13448.0,118,4,1423.26,355.815,2.0,0
13450.0,24,4,1421.46,355.365,2.0,0
13451.0,26,4,2385.5,596.375,1.0,0
13452.0,159,2,590.0,295.0,0.0,1
13453.0,65,2,356.97999999999996,178.48999999999998,0.0,1
13455.0,266,1,692.94,692.94,1.0,0
13456.0,55,3,855.0600000000001,285.02000000000004,3.0,0
13458.0,35,9,7355.44,817.271111111111,4.0,0
13461.0,38,2,884.2,442.1,1.0,0
13462.0,152,1,151.5,151.5,0.0,1
13466.0,84,1,307.9,307.9,0.0,1
13468.0,7,27,4255.53,157.61222222222221,8.0,0
13470.0,15,1,115.5,115.5,1.0,0
13473.0,232,1,241.26,241.26,1.0,0
13474.0,136,1,226.84,226.84,0.0,1
13475.0,91,4,1431.78,357.945,0.0,1
13476.0,78,2,1238.47,619.235,0.0,1
13477.0,38,4,899.55,224.8875,2.0,0
13479.0,100,2,300.95,150.475,0.0,1
13481.0,8,4,1361.33,340.3325,1.0,0
13482.0,132,1,184.64,184.64,0.0,1
13484.0,141,1,313.8,313.8,0.0,1
13485.0,133,1,454.24,454.24,0.0,1
13486.0,28,2,819.61,409.805,1.0,0
13487.0,113,2,408.8,204.4,1.0,0
13488.0,20,9,6596.38,732.9311111111111,4.0,0
13489.0,5,4,449.52,112.38,0.0,1
13491.0,47,9,1088.45,120.9388888888889,1.0,0
13492.0,36,3,1269.84,423.28,0.0,1
13493.0,175,2,618.63,309.315,0.0,1
13494.0,211,1,316.26000000000005,316.26000000000005,0.0,1
13495.0,132,3,1072.43,357.4766666666667,1.0,0
13496.0,259,1,501.01,501.01,1.0,0
13497.0,182,2,348.05,174.025,0.0,1
13499.0,125,2,463.79,231.895,3.0,0
13500.0,22,1,326.4,326.4,2.0,0
13501.0,188,1,1340.32,1340.32,0.0,1
13502.0,174,2,189.16,94.58,1.0,0
13505.0,66,3,2583.12,861.04,1.0,0
13506.0,216,2,458.52,229.26,0.0,1
13507.0,7,2,1636.47,818.235,1.0,0
13508.0,143,1,110.97,110.97,0.0,1
13509.0,49,4,665.02,166.255,2.0,0
13510.0,83,1,585.3199999999999,585.3199999999999,2.0,0
13512.0,160,1,251.21,251.21,0.0,1
13513.0,26,1,205.1,205.1,0.0,1
13515.0,17,3,523.96,174.65333333333334,1.0,0
13516.0,138,1,146.0,146.0,2.0,0
13517.0,6,2,1612.18,806.09,1.0,0
13520.0,37,5,2947.98,589.596,1.0,0
13523.0,99,3,2369.24,789.7466666666666,2.0,0
13524.0,1,3,408.86,136.28666666666666,2.0,0
13525.0,148,1,282.88,282.88,1.0,0
13527.0,5,4,1362.52,340.63,3.0,0
13529.0,104,1,181.1,181.1,1.0,0
13531.0,105,2,483.8,241.9,0.0,1
13533.0,82,3,269.09,89.69666666666666,0.0,1
13534.0,7,21,4371.53,208.16809523809522,3.0,0
13538.0,20,5,891.75,178.35,2.0,0
13539.0,140,2,315.65,157.825,1.0,0
13544.0,140,1,113.01,113.01,1.0,0
13546.0,100,1,182.26,182.26,2.0,0
13548.0,143,1,281.01,281.01,1.0,0
13549.0,42,5,762.05,152.41,2.0,0
13551.0,219,1,91.80000000000001,91.80000000000001,0.0,1
13552.0,23,9,2762.91,306.99,3.0,0
13555.0,101,2,1590.05,795.025,2.0,0
13557.0,180,1,240.68,240.68,1.0,0
13561.0,115,1,141.85999999999999,141.85999999999999,0.0,1
13562.0,41,2,1209.73,604.865,1.0,0
13563.0,40,1,310.88,310.88,1.0,0
13564.0,44,3,1724.67,574.89,0.0,1
13565.0,234,1,110.17999999999999,110.17999999999999,1.0,0
13568.0,73,1,187.05,187.05,0.0,1
13569.0,267,1,109.82000000000001,109.82000000000001,1.0,0
13570.0,143,1,239.49,239.49,0.0,1
13571.0,27,6,801.15,133.525,6.0,0
13572.0,105,1,1384.25,1384.25,0.0,1
13573.0,153,1,31.770000000000003,31.770000000000003,1.0,0
13575.0,33,2,218.75,109.375,3.0,0
13576.0,13,12,4517.21,376.43416666666667,6.0,0
13577.0,48,2,822.1,411.05,2.0,0
13579.0,269,1,164.70000000000002,164.70000000000002,1.0,0
13581.0,209,1,118.0,118.0,0.0,1
13583.0,55,1,781.03,781.03,0.0,1
13584.0,206,1,142.4,142.4,0.0,1
13588.0,20,3,1075.62,358.53999999999996,6.0,0
13589.0,79,1,147.0,147.0,1.0,0
13590.0,50,4,1116.38,279.095,2.0,0
13591.0,104,2,776.23,388.115,1.0,0
13592.0,105,3,205.51,68.50333333333333,1.0,0
13593.0,8,5,2011.88,402.37600000000003,0.0,1
13599.0,56,8,2313.84,289.23,11.0,0
13600.0,212,1,219.52,219.52,0.0,1
13601.0,111,1,373.2,373.2,1.0,0
13606.0,143,2,246.63,123.315,1.0,0
13610.0,10,5,764.76,152.952,2.0,0
13611.0,70,2,636.72,318.36,1.0,0
13614.0,64,2,778.88,389.44,2.0,0
13615.0,218,1,417.69,417.69,0.0,1
13617.0,13,2,365.7,182.85,1.0,0
13618.0,73,1,177.34,177.34,0.0,1
13621.0,16,1,213.85,213.85,0.0,1
13623.0,110,4,539.17,134.7925,1.0,0
13626.0,152,1,257.23,257.23,0.0,1
13627.0,76,3,1027.0,342.3333333333333,2.0,0
13629.0,36,7,4897.36,699.6228571428571,4.0,0
13630.0,5,5,1361.46,272.29200000000003,1.0,0
13631.0,43,10,3017.92,301.79200000000003,1.0,0
13632.0,73,3,812.26,270.75333333333333,2.0,0
13634.0,6,3,755.97,251.99,2.0,0
13636.0,22,4,646.55,161.6375,1.0,0
13637.0,87,2,678.65,339.325,1.0,0
13642.0,115,1,312.28,312.28,0.0,1
13643.0,85,1,87.9,87.9,2.0,0
13644.0,5,1,851.09,851.09,3.0,0
13645.0,20,1,252.1,252.1,0.0,1
13647.0,75,2,803.86,401.93,1.0,0
13649.0,156,2,346.6,173.3,0.0,1
13650.0,107,2,745.52,372.76,4.0,0
13652.0,156,2,638.24,319.12,1.0,0
13654.0,45,4,1714.27,428.5675,2.0,0
13655.0,14,2,932.97,466.485,0.0,1
13656.0,64,2,379.65,189.825,0.0,1
13657.0,101,1,152.34,152.34,1.0,0
13658.0,104,1,933.3,933.3,2.0,0
13659.0,105,2,1563.0,781.5,0.0,1
13662.0,112,2,516.44,258.22,1.0,0
13663.0,79,1,189.47,189.47,0.0,1
13666.0,187,2,64.05,32.025,1.0,0
13667.0,49,1,299.05,299.05,0.0,1
13668.0,13,16,4900.97,306.310625,4.0,0
13669.0,49,1,48.150000000000006,48.150000000000006,1.0,0
13672.0,201,2,186.39000000000001,93.19500000000001,0.0,1
13675.0,51,2,486.82000000000005,243.41000000000003,0.0,1
13678.0,51,1,232.6,232.6,0.0,1
13680.0,237,2,2391.59,1195.795,1.0,0
13681.0,55,1,203.46,203.46,3.0,0
13682.0,87,1,59.5,59.5,0.0,1
13684.0,185,1,65.13,65.13,0.0,1
13686.0,82,1,72.0,72.0,0.0,1
13692.0,113,2,871.58,435.79,1.0,0
13694.0,7,39,45911.64,1177.2215384615386,8.0,0
13695.0,19,11,1385.53,125.95727272727272,4.0,0
13699.0,55,1,308.58000000000004,308.58000000000004,0.0,1
13700.0,76,6,1229.31,204.885,4.0,0
13703.0,218,1,99.5,99.5,0.0,1
13705.0,44,2,522.68,261.34,0.0,1
13706.0,202,1,330.79,330.79,0.0,1
13707.0,167,2,806.41,403.205,0.0,1
13708.0,171,1,285.33,285.33,0.0,1
13709.0,1,5,2918.81,583.762,6.0,0
13711.0,118,2,252.06,126.03,0.0,1
13712.0,146,1,228.84,228.84,0.0,1
13715.0,181,5,1077.39,215.478,0.0,1
13716.0,169,1,138.28,138.28,0.0,1
13717.0,28,4,955.99,238.9975,2.0,0
13718.0,146,2,306.55,153.275,0.0,1
13719.0,105,2,338.74,169.37,3.0,0
13720.0,16,4,799.9,199.975,0.0,1
13722.0,31,3,2375.41,791.8033333333333,0.0,1
13723.0,117,1,199.85000000000002,199.85000000000002,0.0,1
13725.0,69,7,1865.7,266.5285714285714,1.0,0
13726.0,0,1,292.68,292.68,1.0,0
13728.0,7,5,797.02,159.404,1.0,0
13730.0,35,2,752.6,376.3,0.0,1
13731.0,119,2,610.59,305.295,0.0,1
13735.0,75,2,1409.69,704.845,2.0,0
13736.0,160,1,357.53,357.53,0.0,1
13737.0,100,1,339.59999999999997,339.59999999999997,0.0,1
13740.0,140,1,350.75,350.75,0.0,1
13741.0,83,2,363.13,181.565,1.0,0
13742.0,62,10,2632.57,263.257,2.0,0
13743.0,7,5,912.1199999999999,182.42399999999998,1.0,0
13744.0,192,1,817.3199999999999,817.3199999999999,1.0,0
13745.0,62,1,300.04,300.04,0.0,1
13747.0,273,1,79.6,79.6,0.0,1
13748.0,132,3,580.85,193.61666666666667,2.0,0
13750.0,40,4,1316.63,329.1575,1.0,0
13751.0,188,1,296.25,296.25,0.0,1
13752.0,24,6,1175.38,195.89666666666668,0.0,1
13753.0,187,1,741.26,741.26,0.0,1
13754.0,51,2,282.59999999999997,141.29999999999998,0.0,1
13756.0,29,7,2558.34,365.4771428571429,5.0,0
13758.0,101,5,2351.52,470.304,2.0,0
13760.0,156,1,135.09,135.09,1.0,0
13761.0,79,1,491.71000000000004,491.71000000000004,1.0,0
13762.0,118,1,306.72,306.72,0.0,1
13764.0,44,2,943.29,471.645,1.0,0
13767.0,8,28,9676.37,345.5846428571429,8.0,0
13769.0,22,6,1730.24,288.37333333333333,3.0,0
13771.0,99,2,1464.8500000000001,732.4250000000001,2.0,0
13772.0,139,1,228.42,228.42,2.0,0
13777.0,29,24,12360.24,515.01,6.0,0
13778.0,3,1,178.7,178.7,0.0,1
13780.0,70,1,116.28000000000002,116.28000000000002,0.0,1
13781.0,150,1,127.84,127.84,0.0,1
13782.0,24,3,484.79,161.59666666666666,3.0,0
13784.0,13,8,1968.63,246.07875,2.0,0
13786.0,267,1,230.39999999999998,230.39999999999998,0.0,1
13787.0,264,1,106.4,106.4,1.0,0
13791.0,27,2,1516.0,758.0,0.0,1
13792.0,187,1,74.60000000000001,74.60000000000001,1.0,0
13798.0,7,41,28066.24,684.5424390243903,13.0,0
13799.0,16,2,688.86,344.43,0.0,1
13800.0,209,1,558.32,558.32,0.0,1
13802.0,38,3,4599.42,1533.14,0.0,1
13803.0,155,1,277.07,277.07,0.0,1
13804.0,41,3,1355.11,451.7033333333333,4.0,0
13805.0,29,1,500.24,500.24,1.0,0
13807.0,267,1,112.6,112.6,0.0,1
13809.0,205,1,155.05,155.05,0.0,1
13811.0,83,3,814.5,271.5,0.0,1
13812.0,5,1,278.74,278.74,2.0,0
13813.0,34,1,385.14,385.14,3.0,0
13814.0,37,1,617.54,617.54,1.0,0
13815.0,72,2,2977.75,1488.875,2.0,0
13817.0,251,1,128.7,128.7,1.0,0
13819.0,201,3,1140.35,380.1166666666666,0.0,1
13821.0,44,2,385.64,192.82,0.0,1
13824.0,35,4,1429.84,357.46,1.0,0
13826.0,76,1,189.5,189.5,0.0,1
13827.0,33,2,300.76,150.38,1.0,0
13831.0,38,4,1450.85,362.7125,2.0,0
13833.0,59,1,383.85,383.85,0.0,1
13835.0,55,2,537.34,268.67,2.0,0
13837.0,111,2,266.59000000000003,133.29500000000002,0.0,1
13838.0,17,3,467.54,155.84666666666666,0.0,1
13841.0,152,1,85.0,85.0,0.0,1
13842.0,55,7,2165.27,309.32428571428574,2.0,0
13846.0,142,2,663.9300000000001,331.96500000000003,1.0,0
13848.0,197,2,935.0,467.5,1.0,0
13849.0,70,1,593.5799999999999,593.5799999999999,1.0,0
13850.0,29,1,1595.48,1595.48,0.0,1
13851.0,28,2,1353.28,676.64,1.0,0
13854.0,6,19,6145.16,323.4294736842105,5.0,0
13856.0,68,3,388.5,129.5,0.0,1
13859.0,226,1,201.16,201.16,0.0,1
13862.0,8,6,1781.3,296.8833333333333,2.0,0
13863.0,147,1,305.78,305.78,0.0,1
13865.0,36,3,383.34000000000003,127.78000000000002,1.0,0
13867.0,118,1,138.85,138.85,2.0,0
13869.0,23,4,3083.65,770.9125,0.0,1
13870.0,1,5,2179.4700000000003,435.89400000000006,2.0,0
13871.0,12,8,4074.2400000000002,509.28000000000003,5.0,0
13873.0,19,3,389.6,129.86666666666667,0.0,1
13874.0,258,1,540.45,540.45,0.0,1
13875.0,33,4,1424.8,356.2,1.0,0
13880.0,45,8,1680.76,210.095,5.0,0
13881.0,7,9,6969.14,774.348888888889,10.0,0
13883.0,118,4,1742.78,435.695,1.0,0
13884.0,177,3,196.25,65.41666666666667,1.0,0
13885.0,89,2,506.8,253.4,0.0,1
13887.0,104,1,349.55,349.55,0.0,1
13888.0,19,2,595.67,297.835,0.0,1
13890.0,7,2,501.11,250.555,5.0,0
13892.0,146,1,54.519999999999996,54.519999999999996,3.0,0
13893.0,197,1,821.1,821.1,0.0,1
13894.0,210,1,160.85,160.85,2.0,0
13895.0,43,2,937.3000000000001,468.65000000000003,2.0,0
13898.0,225,1,155.93,155.93,0.0,1
13899.0,174,1,298.5,298.5,1.0,0
13900.0,83,3,740.95,246.98333333333335,0.0,1
13901.0,7,4,2652.28,663.07,1.0,0
13904.0,194,1,201.12,201.12,1.0,0
13908.0,26,3,1461.61,487.2033333333333,1.0,0
13911.0,44,8,2437.63,304.70375,1.0,0
13917.0,91,1,65.38,65.38,1.0,0
13918.0,153,1,198.2,198.2,1.0,0
13919.0,21,1,213.15,213.15,1.0,0
13922.0,251,1,172.25,172.25,0.0,1
13925.0,21,2,496.05,248.025,2.0,0
13928.0,6,2,225.45000000000002,112.72500000000001,2.0,0
13929.0,69,2,842.65,421.325,0.0,1
13930.0,36,1,210.0,210.0,1.0,0
13931.0,180,1,378.21000000000004,378.21000000000004,1.0,0
13932.0,194,1,307.4,307.4,0.0,1
13933.0,9,2,608.7900000000001,304.39500000000004,0.0,1
13934.0,163,1,922.1,922.1,0.0,1
13936.0,79,1,376.58,376.58,0.0,1
13937.0,69,1,158.85,158.85,0.0,1
13939.0,8,2,390.21,195.105,1.0,0
13940.0,16,2,391.06,195.53,2.0,0
13941.0,71,3,2831.26,943.7533333333334,2.0,0
13946.0,101,2,485.96999999999997,242.98499999999999,1.0,0
13948.0,260,1,102.0,102.0,0.0,1
13950.0,146,1,179.30999999999997,179.30999999999997,3.0,0
13951.0,76,3,674.45,224.8166666666667,0.0,1
13952.0,117,2,3251.071,1625.5355,0.0,1
13953.0,15,5,2604.36,520.8720000000001,1.0,0
13955.0,54,2,322.96,161.48,0.0,1
13956.0,38,3,676.07,225.35666666666668,1.0,0
13959.0,181,2,337.44,168.72,1.0,0
13962.0,145,1,117.6,117.6,1.0,0
13963.0,208,4,664.54,166.135,0.0,1
13967.0,45,1,80.7,80.7,0.0,1
13969.0,7,11,3883.23,353.0209090909091,5.0,0
13971.0,6,6,1985.9,330.98333333333335,2.0,0
13972.0,101,1,145.9,145.9,1.0,0
13973.0,187,1,264.7,264.7,0.0,1
13975.0,28,4,1466.67,366.6675,2.0,0
13976.0,106,1,357.98,357.98,0.0,1
13982.0,63,3,1230.1399999999999,410.0466666666666,1.0,0
13983.0,87,8,1681.06,210.1325,4.0,0
13984.0,26,4,819.33,204.8325,1.0,0
13985.0,7,7,2773.04,396.1485714285714,7.0,0
13988.0,62,3,1923.5,641.1666666666666,3.0,0
13989.0,139,1,896.6700000000001,896.6700000000001,1.0,0
13990.0,113,1,311.3,311.3,0.0,1
13991.0,43,1,126.35,126.35,5.0,0
13993.0,0,6,2247.41,374.5683333333333,3.0,0
13994.0,5,2,419.56,209.78,3.0,0
13995.0,15,3,871.9,290.6333333333333,2.0,0
13999.0,15,8,2561.94,320.2425,4.0,0
14000.0,111,1,635.66,635.66,0.0,1
14001.0,132,2,1309.14,654.57,1.0,0
14002.0,34,2,529.73,264.865,0.0,1
14004.0,8,4,2962.26,740.565,3.0,0
14005.0,33,3,696.56,232.18666666666664,1.0,0
14006.0,15,3,962.19,320.73,0.0,1
14009.0,98,2,695.61,347.805,0.0,1
14012.0,177,1,328.8,328.8,0.0,1
14013.0,10,3,473.02,157.67333333333332,0.0,1
14016.0,61,4,4341.21,1085.3025,0.0,1
14019.0,38,1,384.29,384.29,2.0,0
14021.0,55,3,631.9,210.63333333333333,0.0,1
14022.0,125,1,440.0,440.0,0.0,1
14023.0,150,1,273.14,273.14,0.0,1
14024.0,21,2,327.7,163.85,0.0,1
14029.0,44,1,165.20000000000002,165.20000000000002,1.0,0
14030.0,21,6,1657.5,276.25,2.0,0
14031.0,26,13,9627.03,740.5407692307692,5.0,0
14032.0,68,6,1845.37,307.56166666666667,4.0,0
14034.0,57,2,473.90999999999997,236.95499999999998,1.0,0
14035.0,7,3,837.26,279.08666666666664,2.0,0
14036.0,184,1,626.65,626.65,0.0,1
14037.0,76,2,147.20000000000002,73.60000000000001,0.0,1
14038.0,44,2,1086.42,543.21,1.0,0
14040.0,17,9,2472.06,274.67333333333335,3.0,0
14041.0,166,1,141.41,141.41,0.0,1
14044.0,3,3,535.71,178.57000000000002,1.0,0
14045.0,9,4,1659.75,414.9375,0.0,1
14046.0,184,1,154.99,154.99,0.0,1
14047.0,99,3,635.92,211.97333333333333,1.0,0
14048.0,205,1,409.93,409.93,0.0,1
14049.0,58,3,3244.74,1081.58,1.0,0
14050.0,6,1,485.98,485.98,1.0,0
14051.0,13,15,8687.44,579.1626666666667,6.0,0
14053.0,24,2,260.25,130.125,0.0,1
14055.0,6,1,725.6400000000001,725.6400000000001,0.0,1
14056.0,7,17,5333.97,313.7629411764706,5.0,0
14057.0,0,13,4805.68,369.66769230769233,4.0,0
14059.0,166,1,183.6,183.6,0.0,1
14060.0,8,14,4102.78,293.05571428571426,4.0,0
14062.0,12,9,7801.79,866.8655555555556,2.0,0
14064.0,13,4,1097.03,274.2575,1.0,0
14066.0,166,1,152.55,152.55,0.0,1
14068.0,220,1,265.85,265.85,0.0,1
14071.0,160,2,356.81,178.405,4.0,0
14075.0,161,1,307.92,307.92,1.0,0
14076.0,29,1,118.67,118.67,0.0,1
14077.0,82,3,310.4,103.46666666666665,2.0,0
14078.0,1,6,1049.37,174.89499999999998,0.0,1
14079.0,24,1,375.1,375.1,0.0,1
14081.0,202,2,921.62,460.81,0.0,1
14082.0,264,1,182.25,182.25,0.0,1
14083.0,26,7,533.39,76.19857142857143,0.0,1
14085.0,41,12,3220.94,268.4116666666667,2.0,0
14088.0,28,7,25507.89,3643.9842857142858,6.0,0
14090.0,224,1,76.32000000000001,76.32000000000001,0.0,1
14092.0,31,9,2437.8,270.8666666666667,3.0,0
14096.0,1,1,21.84,21.84,15.0,0
14099.0,20,8,2309.92,288.74,3.0,0
14100.0,37,1,191.95000000000002,191.95000000000002,0.0,1
14101.0,42,5,4944.389999999999,988.8779999999999,1.0,0
14104.0,54,2,216.20999999999998,108.10499999999999,0.0,1
14105.0,139,1,1266.23,1266.23,0.0,1
14107.0,76,5,1836.84,367.368,2.0,0
14108.0,1,1,291.33,291.33,1.0,0
14110.0,19,5,3259.62,651.924,6.0,0
14111.0,6,2,247.2,123.6,2.0,0
14112.0,30,4,1900.82,475.205,3.0,0
14113.0,254,1,433.5,433.5,2.0,0
14114.0,173,2,386.53,193.265,0.0,1
14116.0,21,1,319.97,319.97,4.0,0
14117.0,43,1,90.0,90.0,0.0,1
14127.0,22,3,709.71,236.57000000000002,0.0,1
14128.0,155,1,305.54,305.54,1.0,0
14129.0,160,1,358.90000000000003,358.90000000000003,3.0,0
14130.0,219,1,480.91,480.91,0.0,1
14132.0,13,5,1552.46,310.492,5.0,0
14133.0,29,3,605.64,201.88,0.0,1
14135.0,5,10,3190.32,319.03200000000004,3.0,0
14141.0,5,1,285.16,285.16,2.0,0
14142.0,273,1,311.81,311.81,0.0,1
14143.0,33,1,115.8,115.8,0.0,1
14145.0,56,3,2851.2,950.4,1.0,0
14146.0,154,2,1903.73,951.865,2.0,0
14147.0,185,1,182.8,182.8,1.0,0
14148.0,133,1,157.2,157.2,0.0,1
14149.0,120,1,446.62,446.62,0.0,1
14150.0,259,1,306.18,306.18,1.0,0
14152.0,134,1,314.51,314.51,1.0,0
14154.0,139,2,1345.62,672.81,0.0,1
14155.0,166,1,118.75,118.75,0.0,1
14156.0,14,35,84977.35,2427.924285714286,19.0,0
14157.0,185,1,269.18,269.18,1.0,0
14159.0,44,6,2160.34,360.0566666666667,5.0,0
14161.0,115,3,1097.6200000000001,365.8733333333334,0.0,1
14162.0,73,2,289.36,144.68,0.0,1
14163.0,52,3,1659.39,553.13,1.0,0
14165.0,175,1,120.44,120.44,0.0,1
14167.0,65,3,389.85,129.95000000000002,1.0,0
14173.0,119,1,114.04,114.04,3.0,0
14175.0,71,2,1205.99,602.995,1.0,0
14176.0,197,4,576.9000000000001,144.22500000000002,0.0,1
14177.0,79,1,108.13,108.13,3.0,0
14178.0,43,2,296.82,148.41,4.0,0
14180.0,6,21,4110.12,195.72,4.0,0
14185.0,231,1,197.65,197.65,0.0,1
14188.0,9,4,1383.46,345.865,2.0,0
14189.0,13,10,2906.96,290.696,4.0,0
14191.0,8,7,2258.26,322.60857142857145,5.0,0
14193.0,169,1,422.53999999999996,422.53999999999996,1.0,0
14194.0,6,12,5666.45,472.20416666666665,8.0,0
14195.0,101,2,1012.0,506.0,0.0,1
14196.0,6,1,335.52,335.52,0.0,1
14198.0,45,2,356.95,178.475,2.0,0
14199.0,118,1,185.39999999999998,185.39999999999998,0.0,1
14201.0,49,5,521.24,104.248,2.0,0
14205.0,164,1,222.9,222.9,1.0,0
14206.0,139,1,328.15999999999997,328.15999999999997,0.0,1
14209.0,21,5,1876.33,375.26599999999996,1.0,0
14210.0,5,6,1905.8400000000001,317.64000000000004,0.0,1
14211.0,107,5,909.89,181.978,4.0,0
14214.0,56,3,899.16,299.71999999999997,2.0,0
14215.0,86,4,1098.27,274.5675,2.0,0
14217.0,55,9,1085.0,120.55555555555556,7.0,0
14220.0,147,2,632.4,316.2,0.0,1
14221.0,13,7,2617.0099999999998,373.8585714285714,2.0,0
14222.0,77,1,683.17,683.17,0.0,1
14223.0,57,2,656.59,328.295,1.0,0
14224.0,10,4,1009.73,252.4325,0.0,1
14226.0,110,2,1692.0,846.0,3.0,0
14227.0,96,7,2399.52,342.7885714285714,3.0,0
14229.0,191,2,762.13,381.065,1.0,0
14231.0,83,3,925.71,308.57,0.0,1
14232.0,15,4,1573.33,393.3325,1.0,0
14233.0,111,3,959.1,319.7,1.0,0
14235.0,57,4,2802.86,700.715,1.0,0
14236.0,272,1,189.3,189.3,1.0,0
14237.0,273,1,161.0,161.0,0.0,1
14238.0,226,1,146.85,146.85,0.0,1
14239.0,30,7,1415.54,202.22,4.0,0
14240.0,125,1,226.85,226.85,1.0,0
14241.0,83,1,213.70000000000002,213.70000000000002,0.0,1
14242.0,134,2,280.55,140.275,0.0,1
14243.0,40,7,1990.78,284.39714285714285,2.0,0
14245.0,119,2,1693.45,846.725,0.0,1
14246.0,10,3,1474.06,491.3533333333333,0.0,1
14247.0,178,1,136.76999999999998,136.76999999999998,0.0,1
14248.0,218,1,302.58,302.58,0.0,1
14256.0,160,2,969.0600000000001,484.53000000000003,0.0,1
14257.0,23,4,2725.84,681.46,1.0,0
14258.0,51,7,9386.32,1340.902857142857,1.0,0
14259.0,41,1,120.0,120.0,0.0,1
14262.0,7,3,855.0,285.0,4.0,0
14264.0,54,2,333.97,166.985,0.0,1
14265.0,9,2,530.18,265.09,0.0,1
14267.0,62,3,1516.24,505.41333333333336,0.0,1
14270.0,231,1,492.65000000000003,492.65000000000003,0.0,1
14271.0,125,1,112.32,112.32,0.0,1
14272.0,154,1,132.09,132.09,1.0,0
14273.0,36,3,450.05,150.01666666666668,1.0,0
14276.0,80,2,720.4,360.2,1.0,0
14277.0,112,1,1629.03,1629.03,2.0,0
14280.0,96,1,134.04,134.04,0.0,1
14282.0,9,9,2467.54,274.1711111111111,4.0,0
14285.0,76,1,5.9,5.9,3.0,0
14286.0,142,1,2050.08,2050.08,2.0,0
14287.0,98,2,83.28,41.64,0.0,1
14288.0,113,1,426.6,426.6,0.0,1
14289.0,34,5,832.78,166.55599999999998,0.0,1
14290.0,261,1,777.5600000000001,777.5600000000001,4.0,0
14291.0,20,7,2355.54,336.5057142857143,2.0,0
14292.0,45,4,2590.21,647.5525,3.0,0
14293.0,47,3,739.41,246.47,0.0,1
14297.0,174,1,232.6,232.6,3.0,0
14298.0,23,36,35591.84,988.6622222222221,7.0,0
14299.0,7,5,2437.14,487.428,3.0,0
14301.0,17,1,640.14,640.14,0.0,1
14304.0,122,1,383.45,383.45,0.0,1
14305.0,13,2,1048.45,524.225,1.0,0
14307.0,34,4,2307.89,576.9725,2.0,0
14309.0,68,6,1310.02,218.33666666666667,2.0,0
14311.0,142,1,310.26,310.26,0.0,1
14312.0,86,4,854.59,213.6475,2.0,0
14314.0,6,1,120.0,120.0,0.0,1
14315.0,29,5,1550.15,310.03000000000003,1.0,0
14320.0,106,2,477.79,238.895,0.0,1
14321.0,16,3,900.65,300.21666666666664,2.0,0
14323.0,14,2,605.0600000000001,302.53000000000003,0.0,1
14326.0,142,1,183.85,183.85,0.0,1
14327.0,63,1,311.65,311.65,0.0,1
14329.0,8,4,3485.03,871.2575,3.0,0
14331.0,24,2,462.65999999999997,231.32999999999998,0.0,1
14332.0,47,1,119.04,119.04,2.0,0
14334.0,22,6,2013.51,335.585,2.0,0
14336.0,98,3,1114.39,371.46333333333337,1.0,0
14338.0,61,2,588.22,294.11,0.0,1
14339.0,142,1,309.52,309.52,0.0,1
14340.0,118,1,134.7,134.7,0.0,1
14341.0,30,6,1139.52,189.92,2.0,0
14342.0,37,2,419.74,209.87,2.0,0
14344.0,27,8,889.9300000000001,111.24125000000001,0.0,1
14346.0,20,2,1021.58,510.79,0.0,1
14348.0,160,1,409.57,409.57,0.0,1
14350.0,174,1,282.93,282.93,0.0,1
14351.0,64,1,51.0,51.0,0.0,1
14352.0,57,4,1078.96,269.74,0.0,1
14353.0,115,1,90.6,90.6,0.0,1
14355.0,265,1,174.4,174.4,0.0,1
14364.0,8,8,3717.35,464.66875,0.0,1
14367.0,37,10,5419.7,541.97,5.0,0
14368.0,219,1,155.0,155.0,0.0,1
14371.0,195,1,100.5,100.5,0.0,1
14373.0,258,1,76.55,76.55,0.0,1
14375.0,85,1,235.56,235.56,0.0,1
14377.0,91,2,617.05,308.525,0.0,1
14379.0,195,1,110.98,110.98,1.0,0
14383.0,63,1,242.09,242.09,2.0,0
14386.0,196,1,142.4,142.4,0.0,1
14387.0,9,1,440.76,440.76,2.0,0
14388.0,21,5,1835.1100000000001,367.02200000000005,3.0,0
14389.0,90,1,311.14,311.14,1.0,0
14390.0,44,4,1590.71,397.6775,5.0,0
14393.0,118,1,67.95,67.95,0.0,1
14395.0,77,6,1952.3200000000002,325.3866666666667,2.0,0
14396.0,271,1,110.35000000000001,110.35000000000001,1.0,0
14397.0,9,9,856.0,95.11111111111111,8.0,0
14400.0,49,1,574.7,574.7,0.0,1
14401.0,7,9,2766.2999999999997,307.3666666666666,3.0,0
14403.0,30,4,1475.81,368.9525,0.0,1
14404.0,8,5,1322.52,264.504,1.0,0
14406.0,19,1,156.75,156.75,0.0,1
14407.0,7,6,2157.73,359.62166666666667,0.0,1
14408.0,30,5,1989.01,397.802,2.0,0
14409.0,22,5,1943.73,388.746,1.0,0
14410.0,41,7,975.1800000000001,139.3114285714286,2.0,0
14411.0,210,1,1063.0,1063.0,0.0,1
14413.0,262,1,121.05,121.05,0.0,1
14414.0,9,5,1137.08,227.416,2.0,0
14415.0,23,8,3305.88,413.235,4.0,0
14418.0,8,1,150.44,150.44,1.0,0
14419.0,152,2,307.14,153.57,4.0,0
14421.0,111,1,455.18,455.18,1.0,0
14422.0,70,2,1032.15,516.075,3.0,0
14423.0,118,1,265.2,265.2,0.0,1
14426.0,40,6,2885.58,480.93,4.0,0
14428.0,139,2,330.62,165.31,2.0,0
14431.0,202,1,470.36,470.36,0.0,1
14437.0,265,1,63.0,63.0,0.0,1
14438.0,206,1,131.9,131.9,0.0,1
14439.0,219,1,2661.24,2661.24,0.0,1
14440.0,216,2,1185.71,592.855,2.0,0
14441.0,155,1,356.84000000000003,356.84000000000003,2.0,0
14442.0,104,2,1589.82,794.91,0.0,1
14443.0,38,3,991.52,330.50666666666666,1.0,0
14446.0,146,1,303.04,303.04,2.0,0
14447.0,96,2,601.03,300.515,3.0,0
14448.0,264,1,102.35000000000001,102.35000000000001,0.0,1
14449.0,146,2,399.91,199.955,2.0,0
14450.0,80,3,483.25,161.08333333333334,0.0,1
14451.0,94,1,360.0,360.0,1.0,0
14453.0,90,1,119.93,119.93,0.0,1
14456.0,31,3,636.65,212.21666666666667,5.0,0
14457.0,210,1,113.64,113.64,0.0,1
14459.0,55,1,1837.92,1837.92,0.0,1
14460.0,10,3,434.34,144.78,0.0,1
14461.0,48,3,2103.06,701.02,0.0,1
14462.0,20,9,1510.65,167.85000000000002,2.0,0
14463.0,70,2,309.42,154.71,1.0,0
14465.0,146,3,1038.44,346.1466666666667,0.0,1
14466.0,15,5,1580.45,316.09000000000003,2.0,0
14467.0,212,1,131.7,131.7,3.0,0
14470.0,187,1,297.64,297.64,1.0,0
14472.0,3,8,1852.67,231.58375,0.0,1
14473.0,182,1,85.0,85.0,1.0,0
14475.0,86,2,622.17,311.085,1.0,0
14476.0,157,1,193.0,193.0,0.0,1
14477.0,84,2,523.0,261.5,2.0,0
14479.0,153,2,316.25,158.125,0.0,1
14481.0,64,2,636.51,318.255,0.0,1
14482.0,139,1,238.1,238.1,5.0,0
14483.0,181,1,137.1,137.1,0.0,1
14487.0,268,1,125.10000000000001,125.10000000000001,5.0,0
14489.0,107,1,463.38,463.38,0.0,1
14491.0,75,2,340.93,170.465,0.0,1
14493.0,55,1,611.22,611.22,3.0,0
14495.0,21,1,40.599999999999994,40.599999999999994,1.0,0
14496.0,211,2,538.8100000000001,269.40500000000003,0.0,1
14497.0,209,1,475.37,475.37,0.0,1
14498.0,16,4,1281.79,320.4475,1.0,0
14499.0,33,2,367.81,183.905,1.0,0
14500.0,12,2,335.85,167.925,1.0,0
14501.0,83,2,251.21,125.605,0.0,1
14502.0,49,7,1163.22,166.17428571428573,4.0,0
14503.0,78,1,597.07,597.07,3.0,0
14504.0,143,3,542.71,180.90333333333334,1.0,0
14505.0,9,6,4222.74,703.79,2.0,0
14506.0,62,3,818.96,272.9866666666667,2.0,0
14507.0,1,4,924.6899999999999,231.17249999999999,2.0,0
14511.0,33,1,138.16,138.16,4.0,0
14512.0,87,2,275.28,137.64,0.0,1
14513.0,0,3,455.59000000000003,151.86333333333334,0.0,1
14514.0,101,2,403.11,201.555,1.0,0
14515.0,91,2,765.65,382.825,4.0,0
14517.0,41,1,252.45,252.45,1.0,0
14520.0,190,1,165.0,165.0,0.0,1
14522.0,98,1,278.63,278.63,3.0,0
14523.0,8,1,241.09,241.09,0.0,1
14524.0,78,5,1028.87,205.77399999999997,4.0,0
14525.0,0,7,2820.29,402.8985714285714,2.0,0
14527.0,7,39,5136.4,131.70256410256408,14.0,0
14529.0,10,1,135.24,135.24,2.0,0
14530.0,28,4,1957.47,489.3675,2.0,0
14532.0,136,4,932.85,233.2125,0.0,1
14533.0,12,2,734.98,367.49,5.0,0
14534.0,19,13,2899.75,223.05769230769232,4.0,0
14535.0,27,2,1652.81,826.405,1.0,0
14536.0,159,1,170.95,170.95,0.0,1
14538.0,156,1,106.5,106.5,1.0,0
14540.0,209,1,195.9,195.9,1.0,0
14541.0,68,7,1307.3500000000001,186.76428571428573,1.0,0
14542.0,85,1,103.25,103.25,0.0,1
14543.0,8,13,3234.5,248.80769230769232,3.0,0
14544.0,261,1,1101.77,1101.77,1.0,0
14546.0,101,2,874.88,437.44,2.0,0
14548.0,50,2,652.8,326.4,0.0,1
14549.0,211,1,289.24,289.24,0.0,1
14551.0,104,1,125.43,125.43,1.0,0
14552.0,51,1,164.22,164.22,0.0,1
14553.0,118,2,312.32,156.16,3.0,0
14555.0,202,1,186.34,186.34,1.0,0
14560.0,9,13,1414.0,108.76923076923077,8.0,0
14561.0,62,2,566.99,283.495,1.0,0
14562.0,27,6,1954.8500000000001,325.80833333333334,10.0,0
14565.0,13,3,2560.32,853.44,1.0,0
14566.0,10,1,1432.0,1432.0,0.0,1
14567.0,30,1,800.76,800.76,1.0,0
14570.0,180,2,218.06,109.03,0.0,1
14572.0,10,5,2063.2400000000002,412.648,1.0,0
14573.0,79,9,1639.82,182.20222222222222,0.0,1
14576.0,272,1,35.400000000000006,35.400000000000006,0.0,1
14577.0,63,3,646.64,215.54666666666665,1.0,0
14583.0,44,4,741.72,185.43,0.0,1
14584.0,69,4,1033.06,258.265,0.0,1
14586.0,176,1,237.36,237.36,0.0,1
14587.0,84,8,1452.68,181.585,1.0,0
14589.0,271,1,39.75,39.75,0.0,1
14591.0,113,1,204.02,204.02,3.0,0
14593.0,98,2,339.59,169.795,1.0,0
14594.0,273,1,255.0,255.0,0.0,1
14595.0,213,1,163.8,163.8,5.0,0
14597.0,91,1,165.1,165.1,1.0,0
14600.0,205,1,393.33000000000004,393.33000000000004,0.0,1
14603.0,174,1,660.0,660.0,0.0,1
14606.0,3,69,9280.05,134.49347826086955,21.0,0
14607.0,161,1,495.0,495.0,13.0,0
14608.0,262,1,204.0,204.0,2.0,0
14609.0,43,3,486.36,162.12,1.0,0
14616.0,142,3,406.08000000000004,135.36,0.0,1
14618.0,237,1,211.8,211.8,1.0,0
14619.0,145,1,394.44,394.44,0.0,1
14620.0,105,2,412.78000000000003,206.39000000000001,0.0,1
14621.0,56,3,1002.91,334.30333333333334,1.0,0
14622.0,84,1,320.58000000000004,320.58000000000004,0.0,1
14623.0,16,3,606.16,202.0533333333333,2.0,0
14625.0,96,2,899.63,449.815,0.0,1
14626.0,22,2,1571.29,785.645,2.0,0
14628.0,142,1,331.58000000000004,331.58000000000004,1.0,0
14631.0,135,2,630.08,315.04,1.0,0
14632.0,162,1,114.56,114.56,0.0,1
14633.0,166,1,344.90000000000003,344.90000000000003,0.0,1
14636.0,168,1,300.19,300.19,1.0,0
14639.0,20,4,1989.23,497.3075,2.0,0
14640.0,27,4,1483.3600000000001,370.84000000000003,2.0,0
14643.0,70,2,693.8100000000001,346.90500000000003,0.0,1
14644.0,198,1,187.50000000000003,187.50000000000003,1.0,0
14645.0,56,2,597.09,298.545,0.0,1
14646.0,5,40,176355.94,4408.8985,30.0,0
14647.0,101,1,236.04000000000002,236.04000000000002,0.0,1
14649.0,112,2,582.12,291.06,1.0,0
14651.0,111,1,415.47,415.47,1.0,0
14653.0,238,1,344.81,344.81,3.0,0
14655.0,122,1,810.56,810.56,2.0,0
14656.0,69,2,291.05,145.525,0.0,1
14657.0,55,3,638.94,212.98000000000002,1.0,0
14658.0,17,1,123.14,123.14,0.0,1
14659.0,45,6,1641.55,273.59166666666664,2.0,0
14660.0,0,1,128.95,128.95,1.0,0
14662.0,134,3,512.28,170.76,1.0,0
14665.0,196,3,731.66,243.88666666666666,2.0,0
14667.0,13,17,5428.66,319.33294117647057,8.0,0
14669.0,141,3,1259.24,419.74666666666667,0.0,1
14670.0,180,2,392.86,196.43,0.0,1
14672.0,134,2,765.55,382.775,0.0,1
14673.0,267,1,373.49,373.49,2.0,0
14676.0,47,4,1690.92,422.73,2.0,0
14680.0,21,13,24196.4,1861.2615384615385,3.0,0
14681.0,111,1,393.95,393.95,2.0,0
14682.0,87,2,52.0,26.0,0.0,1
14684.0,115,2,493.44,246.72,3.0,0
14687.0,6,1,628.38,628.38,0.0,1
14688.0,29,15,3831.37,255.42466666666667,4.0,0
14689.0,108,1,112.8,112.8,0.0,1
14690.0,51,1,212.56,212.56,1.0,0
14691.0,112,1,439.6,439.6,4.0,0
14692.0,37,4,591.55,147.8875,0.0,1
14693.0,164,1,172.9,172.9,0.0,1
14696.0,19,5,1458.54,291.70799999999997,1.0,0
14697.0,118,2,188.60999999999999,94.30499999999999,0.0,1
14699.0,114,1,109.13000000000001,109.13000000000001,0.0,1
14700.0,89,2,1541.1,770.55,1.0,0
14701.0,72,7,1941.43,277.34714285714284,2.0,0
14702.0,16,9,1651.25,183.47222222222223,6.0,0
14704.0,42,2,207.5,103.75,7.0,0
14705.0,98,1,179.0,179.0,0.0,1
14708.0,54,2,701.1800000000001,350.59000000000003,0.0,1
14709.0,12,8,3364.44,420.555,5.0,0
14711.0,9,8,2056.73,257.09125,3.0,0
14712.0,12,1,115.72,115.72,2.0,0
14713.0,27,8,1821.8799999999999,227.73499999999999,2.0,0
14715.0,198,2,247.45,123.725,2.0,0
14716.0,48,1,181.72,181.72,1.0,0
14719.0,79,2,488.12,244.06,2.0,0
14720.0,26,1,155.8,155.8,1.0,0
14722.0,47,1,180.42000000000002,180.42000000000002,0.0,1
14723.0,258,3,455.65,151.88333333333333,3.0,0
14727.0,174,1,268.58,268.58,0.0,1
14729.0,273,1,313.49,313.49,0.0,1
14730.0,7,5,872.13,174.426,2.0,0
14731.0,105,2,251.01999999999998,125.50999999999999,1.0,0
14732.0,43,5,1618.3,323.65999999999997,2.0,0
14733.0,10,11,9044.2,822.2,1.0,0
14735.0,10,22,3496.31,158.9231818181818,9.0,0
14737.0,28,2,1081.75,540.875,0.0,1
14738.0,33,5,757.6500000000001,151.53000000000003,2.0,0
14739.0,119,3,1307.6200000000001,435.8733333333334,3.0,0
14740.0,97,3,1448.21,482.7366666666667,0.0,1
14741.0,13,4,864.96,216.24,2.0,0
14744.0,197,5,928.03,185.606,2.0,0
14745.0,12,5,1220.26,244.052,0.0,1
14747.0,149,1,328.2,328.2,0.0,1
14748.0,23,4,1118.77,279.6925,1.0,0
14754.0,195,1,228.26999999999998,228.26999999999998,1.0,0
14755.0,12,7,2867.6800000000003,409.66857142857145,3.0,0
14758.0,44,4,1484.06,371.015,0.0,1
14759.0,12,2,870.85,435.425,0.0,1
14760.0,197,1,89.2,89.2,0.0,1
14761.0,234,1,97.5,97.5,1.0,0
14762.0,163,1,300.52,300.52,0.0,1
14765.0,12,2,95.5,47.75,1.0,0
14766.0,68,4,1531.32,382.83,1.0,0
14768.0,27,1,133.20000000000002,133.20000000000002,1.0,0
14769.0,8,6,6284.84,1047.4733333333334,1.0,0
14770.0,132,2,876.42,438.21,0.0,1
14772.0,12,1,139.26,139.26,0.0,1
14775.0,37,2,701.46,350.73,1.0,0
14776.0,5,8,1862.22,232.7775,3.0,0
14778.0,27,2,730.86,365.43,0.0,1
14779.0,180,3,386.15,128.71666666666667,0.0,1
14782.0,219,1,200.10000000000002,200.10000000000002,0.0,1
14784.0,223,1,114.68,114.68,1.0,0
14790.0,19,2,364.04,182.02,2.0,0
14794.0,103,4,679.54,169.885,1.0,0
14795.0,66,1,131.45000000000002,131.45000000000002,0.0,1
14796.0,7,13,5748.12,442.1630769230769,3.0,0
14798.0,44,2,97.4,48.7,1.0,0
14800.0,9,9,3832.49,425.8322222222222,3.0,0
14803.0,62,3,845.55,281.84999999999997,0.0,1
14805.0,213,1,109.25,109.25,3.0,0
14808.0,44,6,1833.82,305.63666666666666,2.0,0
14810.0,3,10,1866.78,186.678,1.0,0
14813.0,269,2,152.88,76.44,0.0,1
14816.0,97,1,271.85,271.85,0.0,1
14817.0,100,2,1110.34,555.17,0.0,1
14818.0,69,2,409.63,204.815,1.0,0
14819.0,92,1,84.72,84.72,1.0,0
14820.0,73,1,139.77,139.77,3.0,0
14821.0,266,1,48.800000000000004,48.800000000000004,0.0,1
14823.0,80,3,321.43,107.14333333333333,0.0,1
14825.0,27,7,1333.47,190.49571428571429,4.0,0
14828.0,96,3,2139.76,713.2533333333334,0.0,1
14829.0,84,3,531.63,177.21,1.0,0
14834.0,20,2,429.3,214.65,4.0,0
14837.0,5,3,1345.56,448.52,1.0,0
14840.0,167,1,62.85,62.85,0.0,1
14841.0,79,4,2375.57,593.8925,2.0,0
14842.0,91,2,1688.48,844.24,2.0,0
14844.0,23,3,2257.6800000000003,752.5600000000001,1.0,0
14847.0,48,1,309.4,309.4,0.0,1
14849.0,19,15,5025.25,335.01666666666665,10.0,0
14850.0,211,1,325.75,325.75,0.0,1
14851.0,156,1,206.13,206.13,1.0,0
14852.0,40,4,1634.21,408.5525,2.0,0
14853.0,111,1,214.5,214.5,1.0,0
14854.0,33,6,2281.83,380.305,1.0,0
14855.0,19,2,645.65,322.825,0.0,1
14857.0,48,1,522.52,522.52,1.0,0
14859.0,104,1,296.86,296.86,3.0,0
14862.0,48,1,304.09999999999997,304.09999999999997,1.0,0
14865.0,272,1,37.2,37.2,0.0,1
14866.0,5,4,1163.9,290.975,8.0,0
14867.0,85,3,710.28,236.76,0.0,1
14868.0,20,4,1297.07,324.2675,3.0,0
14869.0,3,1,387.06,387.06,0.0,1
14870.0,161,1,327.25,327.25,0.0,1
14871.0,78,3,335.3,111.76666666666667,0.0,1
14873.0,110,1,519.68,519.68,0.0,1
14875.0,7,2,1465.3200000000002,732.6600000000001,0.0,1
14878.0,73,6,1083.02,180.50333333333333,3.0,0
14880.0,85,2,347.67,173.835,1.0,0
14883.0,63,2,358.48,179.24,4.0,0
14885.0,31,1,765.3199999999999,765.3199999999999,0.0,1
14886.0,152,1,364.8,364.8,0.0,1
14888.0,107,1,369.2,369.2,0.0,1
14889.0,236,1,135.9,135.9,0.0,1
14890.0,153,1,125.65,125.65,0.0,1
14891.0,48,2,554.38,277.19,0.0,1
14895.0,10,10,6081.71,608.171,7.0,0
14896.0,104,2,468.77000000000004,234.38500000000002,0.0,1
14897.0,196,1,175.5,175.5,2.0,0
14898.0,34,5,991.18,198.236,1.0,0
14901.0,1,5,822.12,164.424,4.0,0
14903.0,24,4,2398.62,599.655,1.0,0
14905.0,57,2,616.15,308.075,0.0,1
14907.0,47,4,1931.82,482.955,2.0,0
14911.0,5,106,74381.01,701.7076415094339,84.0,0
14912.0,146,1,482.78999999999996,482.78999999999996,1.0,0
14913.0,83,3,917.15,305.71666666666664,1.0,0
14915.0,177,1,142.28,142.28,1.0,0
14916.0,49,2,701.28,350.64,2.0,0
14918.0,15,2,1610.15,805.075,0.0,1
14920.0,112,2,977.77,488.885,0.0,1
14921.0,101,1,903.01,903.01,1.0,0
14924.0,145,1,310.05,310.05,0.0,1
14930.0,8,3,2362.96,787.6533333333333,0.0,1
14931.0,106,2,586.0,293.0,2.0,0
14932.0,265,1,363.53,363.53,0.0,1
14934.0,182,1,828.84,828.84,1.0,0
14935.0,197,1,1784.71,1784.71,0.0,1
14936.0,8,3,5072.88,1690.96,5.0,0
14937.0,30,1,759.56,759.56,2.0,0
14944.0,44,6,2507.73,417.955,6.0,0
14947.0,30,1,178.5,178.5,1.0,0
14948.0,9,3,556.87,185.62333333333333,3.0,0
14952.0,106,7,3534.61,504.94428571428574,4.0,0
14957.0,153,1,58.49,58.49,0.0,1
14958.0,47,3,483.72999999999996,161.2433333333333,0.0,1
14959.0,9,3,537.32,179.10666666666668,1.0,0
14960.0,71,1,88.3,88.3,0.0,1
14961.0,54,6,3906.98,651.1633333333333,3.0,0
14962.0,170,1,126.7,126.7,0.0,1
14963.0,83,1,294.2,294.2,3.0,0
14964.0,147,1,206.21,206.21,0.0,1
14970.0,37,3,1119.75,373.25,1.0,0
14972.0,28,1,114.77,114.77,0.0,1
14973.0,7,3,1314.45,438.15000000000003,0.0,1
14976.0,1,4,559.96,139.99,3.0,0
14978.0,135,4,1527.23,381.8075,1.0,0
14981.0,146,1,102.12,102.12,0.0,1
14984.0,80,1,102.23,102.23,1.0,0
14985.0,98,2,292.01,146.005,0.0,1
14987.0,265,1,163.2,163.2,1.0,0
14988.0,111,1,334.54,334.54,0.0,1
14995.0,180,1,119.31,119.31,1.0,0
14997.0,78,1,155.28,155.28,2.0,0
14998.0,70,2,414.87,207.435,0.0,1
15002.0,15,4,1641.76,410.44,0.0,1
15004.0,47,1,1220.77,1220.77,0.0,1
15005.0,8,19,4314.23,227.06473684210525,9.0,0
15007.0,59,1,156.91,156.91,0.0,1
15012.0,273,1,188.56,188.56,1.0,0
15014.0,76,1,117.72999999999999,117.72999999999999,1.0,0
15016.0,72,1,170.04,170.04,0.0,1
15018.0,152,2,291.34000000000003,145.67000000000002,1.0,0
15019.0,166,1,252.81,252.81,0.0,1
15021.0,56,5,1080.23,216.046,3.0,0
15023.0,16,8,5027.97,628.49625,2.0,0
15024.0,13,5,830.62,166.124,3.0,0
15026.0,140,2,230.78,115.39,1.0,0
15027.0,68,3,966.9699999999999,322.3233333333333,1.0,0
15028.0,268,1,185.97,185.97,2.0,0
15030.0,168,1,152.76,152.76,1.0,0
15031.0,10,2,261.79,130.895,1.0,0
15032.0,156,3,4959.1,1653.0333333333335,0.0,1
15033.0,9,6,1608.95,268.15833333333336,3.0,0
15034.0,132,5,2640.38,528.076,3.0,0
15036.0,77,2,212.49,106.245,1.0,0
15038.0,87,4,497.7,124.425,2.0,0
15039.0,14,36,17502.56,486.18222222222226,10.0,0
15041.0,70,1,179.93,179.93,0.0,1
15042.0,99,1,135.93,135.93,0.0,1
15044.0,36,13,5152.68,396.36,4.0,0
15045.0,51,2,735.66,367.83,0.0,1
15046.0,27,10,3822.48,382.248,4.0,0
15047.0,169,1,343.62,343.62,0.0,1
15048.0,16,3,321.48,107.16000000000001,1.0,0
15049.0,173,1,121.17000000000002,121.17000000000002,0.0,1
15051.0,50,1,377.74,377.74,2.0,0
15052.0,219,1,207.73000000000002,207.73000000000002,0.0,1
15053.0,56,2,478.6,239.3,0.0,1
15057.0,175,2,1489.5,744.75,0.0,1
15058.0,24,7,1234.76,176.3942857142857,4.0,0
15059.0,7,7,1008.6,144.0857142857143,2.0,0
15061.0,27,37,36575.0,988.5135135135135,10.0,0
15062.0,117,3,814.04,271.34666666666664,1.0,0
15063.0,113,1,370.79999999999995,370.79999999999995,0.0,1
15065.0,64,3,2858.75,952.9166666666666,1.0,0
15067.0,182,1,848.05,848.05,2.0,0
15068.0,156,1,239.95999999999998,239.95999999999998,1.0,0
15069.0,79,1,1109.53,1109.53,0.0,1
15070.0,272,1,106.2,106.2,0.0,1
15071.0,175,1,588.6700000000001,588.6700000000001,1.0,0
15073.0,85,2,861.96,430.98,0.0,1
15074.0,5,1,735.67,735.67,0.0,1
15076.0,72,1,880.85,880.85,0.0,1
15078.0,5,22,6702.59,304.66318181818184,7.0,0
15079.0,112,4,895.61,223.9025,0.0,1
15081.0,108,2,248.05,124.025,3.0,0
15083.0,156,1,88.2,88.2,0.0,1
15087.0,181,1,306.94,306.94,0.0,1
15089.0,8,2,1677.23,838.615,4.0,0
15090.0,208,1,381.32,381.32,0.0,1
15092.0,115,2,457.81,228.905,0.0,1
15093.0,16,5,4027.1,805.42,1.0,0
15095.0,3,4,1370.6,342.65,0.0,1
15098.0,82,3,39916.5,13305.5,0.0,1
15100.0,233,3,876.0,292.0,0.0,1
15101.0,259,1,102.28,102.28,0.0,1
15104.0,96,2,993.54,496.77,0.0,1
15105.0,34,1,532.98,532.98,6.0,0
15106.0,41,3,1032.83,344.27666666666664,2.0,0
15107.0,211,6,319.5,53.25,0.0,1
15108.0,41,4,1300.25,325.0625,0.0,1
15109.0,145,1,484.95,484.95,0.0,1
15110.0,26,2,376.55,188.275,2.0,0
15111.0,272,1,288.5,288.5,2.0,0
15114.0,16,6,1354.01,225.66833333333332,4.0,0
15116.0,34,2,790.97,395.485,2.0,0
15117.0,20,2,675.73,337.865,3.0,0
15118.0,34,1,244.8,244.8,0.0,1
15119.0,145,1,266.4,266.4,0.0,1
15120.0,33,1,358.82,358.82,0.0,1
15121.0,188,1,295.15,295.15,1.0,0
15122.0,14,3,1633.78,544.5933333333334,0.0,1
15123.0,106,1,1069.47,1069.47,0.0,1
15124.0,91,1,90.75,90.75,1.0,0
15125.0,13,12,10795.48,899.6233333333333,3.0,0
15128.0,26,3,1170.24,390.08,1.0,0
15129.0,6,10,2796.73,279.673,1.0,0
15130.0,69,1,330.11,330.11,0.0,1
15132.0,5,3,842.23,280.74333333333334,2.0,0
15133.0,27,3,982.42,327.4733333333333,0.0,1
15134.0,27,4,614.86,153.715,4.0,0
15135.0,139,1,139.05,139.05,0.0,1
15139.0,139,2,178.96,89.48,0.0,1
15140.0,15,5,1728.11,345.62199999999996,2.0,0
15143.0,125,1,259.45,259.45,0.0,1
15144.0,13,9,2968.94,329.88222222222225,7.0,0
15145.0,127,2,724.03,362.015,1.0,0
15146.0,64,2,1327.16,663.58,0.0,1
15147.0,140,1,623.5,623.5,0.0,1
15149.0,33,1,520.8000000000001,520.8000000000001,0.0,1
15150.0,9,5,3569.62,713.924,5.0,0
15152.0,13,6,2383.21,397.20166666666665,6.0,0
15157.0,54,2,1505.37,752.685,0.0,1
15159.0,12,18,8969.97,498.33166666666665,9.0,0
15160.0,257,1,158.16,158.16,0.0,1
15163.0,92,1,155.0,155.0,1.0,0
15164.0,108,2,363.23,181.615,1.0,0
15165.0,273,1,487.75,487.75,0.0,1
15167.0,220,1,158.8,158.8,0.0,1
15171.0,231,1,1289.5,1289.5,0.0,1
15172.0,35,3,886.74,295.58,1.0,0
15174.0,222,1,135.75,135.75,0.0,1
15178.0,160,1,40.5,40.5,0.0,1
15179.0,133,3,1455.12,485.03999999999996,2.0,0
15180.0,267,1,87.5,87.5,0.0,1
15181.0,75,2,434.99999999999994,217.49999999999997,1.0,0
15182.0,54,2,622.85,311.425,0.0,1
15184.0,90,1,235.23000000000002,235.23000000000002,1.0,0
15186.0,68,1,229.26,229.26,1.0,0
15187.0,29,4,1552.04,388.01,9.0,0
15189.0,6,28,11128.54,397.4478571428572,10.0,0
15192.0,19,3,1044.32,348.1066666666666,0.0,1
15194.0,26,11,4469.53,406.3209090909091,3.0,0
15197.0,152,2,773.25,386.625,1.0,0
15198.0,24,1,107.64,107.64,1.0,0
15199.0,135,2,657.15,328.575,2.0,0
15201.0,26,4,933.26,233.315,1.0,0
15203.0,5,4,1328.32,332.08,2.0,0
15204.0,257,1,316.58,316.58,0.0,1
15205.0,27,1,476.29999999999995,476.29999999999995,1.0,0
15206.0,45,2,53.10000000000001,26.550000000000004,2.0,0
15208.0,63,2,323.52,161.76,2.0,0
15210.0,125,1,331.18,331.18,0.0,1
15211.0,265,1,383.07,383.07,1.0,0
15212.0,141,1,101.8,101.8,0.0,1
15213.0,218,2,328.35,164.175,0.0,1
15214.0,83,2,651.63,325.815,5.0,0
15218.0,16,8,3865.35,483.16875,3.0,0
15219.0,76,1,305.75,305.75,0.0,1
15220.0,15,5,1284.05,256.81,1.0,0
15221.0,266,1,403.25,403.25,0.0,1
15222.0,218,1,585.0,585.0,0.0,1
15223.0,125,2,755.75,377.875,0.0,1
15224.0,258,2,322.08,161.04,0.0,1
15225.0,134,1,409.40000000000003,409.40000000000003,0.0,1
15226.0,210,1,154.41,154.41,0.0,1
15227.0,115,3,876.8199999999999,292.2733333333333,2.0,0
15228.0,29,3,2224.03,741.3433333333334,1.0,0
15230.0,139,2,429.6,214.8,0.0,1
15232.0,13,2,612.06,306.03,0.0,1
15234.0,176,1,197.0,197.0,0.0,1
15235.0,117,12,2247.51,187.29250000000002,0.0,1
15236.0,198,1,321.05,321.05,0.0,1
15237.0,103,2,1093.65,546.825,1.0,0
15238.0,84,1,300.14,300.14,2.0,0
15240.0,91,3,1045.38,348.46000000000004,2.0,0
15241.0,27,6,1344.86,224.14333333333332,2.0,0
15244.0,148,1,297.94,297.94,1.0,0
15245.0,34,3,2515.84,838.6133333333333,0.0,1
15246.0,138,2,514.15,257.075,0.0,1
15247.0,22,1,356.0,356.0,0.0,1
15249.0,7,10,5357.03,535.703,3.0,0
15251.0,6,7,7452.12,1064.5885714285714,3.0,0
15252.0,83,1,300.55,300.55,1.0,0
15253.0,69,1,173.85,173.85,4.0,0
15254.0,27,1,300.36,300.36,0.0,1
15256.0,48,1,98.45,98.45,0.0,1
15257.0,183,1,317.15,317.15,0.0,1
15258.0,68,2,623.16,311.58,0.0,1
15260.0,0,7,1810.77,258.68142857142857,0.0,1
15261.0,35,1,254.82,254.82,0.0,1
15262.0,223,1,178.95000000000002,178.95000000000002,0.0,1
15263.0,6,1,156.51,156.51,0.0,1
15265.0,51,2,1506.1200000000001,753.0600000000001,0.0,1
15266.0,238,1,119.3,119.3,0.0,1
15267.0,55,2,1407.76,703.88,3.0,0
15270.0,17,5,1850.29,370.058,2.0,0
15271.0,16,9,1368.3,152.03333333333333,5.0,0
15279.0,254,1,290.51,290.51,0.0,1
15280.0,72,1,113.12,113.12,0.0,1
15281.0,36,8,2191.78,273.9725,1.0,0
15288.0,55,4,2006.3600000000001,501.59000000000003,1.0,0
15289.0,37,2,697.98,348.99,1.0,0
15290.0,3,12,3392.5899999999997,282.7158333333333,3.0,0
15291.0,72,11,3306.27,300.57,4.0,0
15292.0,101,1,178.39,178.39,0.0,1
15296.0,9,5,2599.49,519.8979999999999,1.0,0
15298.0,42,6,2767.2,461.2,5.0,0
15299.0,64,5,3035.01,607.0020000000001,2.0,0
15301.0,13,9,3727.4,414.15555555555557,3.0,0
15303.0,190,1,574.02,574.02,0.0,1
15304.0,64,6,491.90000000000003,81.98333333333333,2.0,0
15306.0,48,1,344.62,344.62,2.0,0
15308.0,174,1,310.47,310.47,0.0,1
15311.0,12,63,44996.54,714.2307936507937,25.0,0
15312.0,3,3,794.8,264.93333333333334,1.0,0
15313.0,10,1,52.0,52.0,0.0,1
15314.0,99,1,327.97,327.97,0.0,1
15315.0,16,1,233.54,233.54,1.0,0
15316.0,226,1,165.0,165.0,0.0,1
15319.0,183,1,204.5,204.5,0.0,1
15321.0,191,1,1159.47,1159.47,2.0,0
15325.0,3,1,161.74,161.74,0.0,1
15326.0,233,1,311.71,311.71,0.0,1
15329.0,34,2,754.0,377.0,1.0,0
15332.0,266,4,1661.06,415.265,0.0,1
15333.0,108,1,1028.56,1028.56,0.0,1
15334.0,56,3,350.82,116.94,0.0,1
15339.0,218,1,257.9,257.9,1.0,0
15342.0,29,1,406.09,406.09,0.0,1
15346.0,232,1,252.42000000000002,252.42000000000002,0.0,1
15347.0,266,1,201.60000000000002,201.60000000000002,0.0,1
15349.0,58,2,463.90999999999997,231.95499999999998,0.0,1
15350.0,273,1,115.65,115.65,0.0,1
15351.0,269,1,274.67,274.67,6.0,0
15353.0,154,2,770.12,385.06,0.0,1
15356.0,5,8,2231.17,278.89625,2.0,0
15358.0,20,15,5639.81,375.98733333333337,5.0,0
15361.0,261,1,418.92,418.92,0.0,1
15363.0,272,1,326.0,326.0,0.0,1
15364.0,154,1,331.80000000000007,331.80000000000007,1.0,0
15365.0,215,1,208.61,208.61,6.0,0
15366.0,258,1,105.54,105.54,1.0,0
15367.0,145,2,1416.18,708.09,2.0,0
15370.0,41,4,1513.46,378.365,3.0,0
15372.0,37,1,2007.3999999999999,2007.3999999999999,0.0,1
15373.0,15,9,1686.9,187.43333333333334,2.0,0
15374.0,28,1,168.0,168.0,0.0,1
15376.0,17,2,977.22,488.61,1.0,0
15379.0,69,7,3703.29,529.0414285714286,0.0,1
15380.0,41,2,582.5600000000001,291.28000000000003,2.0,0
15381.0,113,2,596.85,298.425,0.0,1
15382.0,84,4,2127.12,531.78,2.0,0
15384.0,69,2,642.41,321.205,0.0,1
15386.0,86,1,394.14,394.14,0.0,1
15388.0,170,1,140.54,140.54,0.0,1
15389.0,72,1,500.0,500.0,0.0,1
15392.0,260,1,338.98,338.98,2.0,0
15393.0,181,1,124.10000000000001,124.10000000000001,1.0,0
15394.0,104,2,1436.44,718.22,1.0,0
15395.0,225,1,107.45,107.45,0.0,1
15396.0,12,1,288.18,288.18,0.0,1
15397.0,189,1,94.0,94.0,0.0,1
15400.0,13,4,611.2,152.8,1.0,0
15402.0,48,2,626.77,313.385,0.0,1
15405.0,89,1,349.1,349.1,0.0,1
15406.0,201,1,252.29,252.29,1.0,0
15407.0,83,3,740.73,246.91,1.0,0
15408.0,164,1,267.18,267.18,0.0,1
15410.0,29,6,2702.67,450.445,2.0,0
15411.0,24,2,382.21,191.105,2.0,0
15412.0,71,1,190.53,190.53,0.0,1
15414.0,142,1,36.2,36.2,1.0,0
15415.0,213,1,559.61,559.61,0.0,1
15416.0,55,3,3144.33,1048.11,1.0,0
15421.0,115,3,739.36,246.45333333333335,1.0,0
15422.0,223,2,97.7,48.85,0.0,1
15424.0,154,2,383.34,191.67,0.0,1
15426.0,157,2,634.13,317.065,3.0,0
15433.0,113,2,533.3,266.65,0.0,1
15434.0,7,3,587.28,195.76,1.0,0
15436.0,134,1,484.1,484.1,2.0,0
15437.0,162,1,200.16,200.16,0.0,1
15438.0,31,1,156.57999999999998,156.57999999999998,0.0,1
15440.0,36,2,237.66,118.83,1.0,0
15442.0,148,1,594.0,594.0,0.0,1
15443.0,9,2,684.8,342.4,4.0,0
15445.0,164,1,113.5,113.5,0.0,1
15447.0,230,1,155.17,155.17,0.0,1
15448.0,212,1,494.64,494.64,0.0,1
15449.0,85,2,647.7,323.85,1.0,0
15452.0,164,1,237.0,237.0,2.0,0
15453.0,31,3,479.36,159.78666666666666,3.0,0
15454.0,262,1,179.1,179.1,0.0,1
15456.0,183,3,434.59000000000003,144.86333333333334,0.0,1
15457.0,162,1,237.07,237.07,0.0,1
15460.0,254,1,214.26,214.26,0.0,1
15462.0,43,2,169.8,84.9,1.0,0
15464.0,238,1,1044.65,1044.65,0.0,1
15465.0,38,15,5992.129999999999,399.47533333333325,3.0,0
15467.0,45,2,402.56,201.28,0.0,1
15469.0,20,1,304.3,304.3,1.0,0
15472.0,13,1,371.56,371.56,0.0,1
15480.0,16,1,905.5,905.5,0.0,1
15482.0,65,4,1928.3,482.075,8.0,0
15483.0,61,4,225.26,56.315,0.0,1
15485.0,236,2,1268.13,634.065,1.0,0
15489.0,111,1,348.26,348.26,2.0,0
15491.0,0,5,2800.9300000000003,560.186,1.0,0
15493.0,49,3,1286.95,428.98333333333335,2.0,0
15494.0,21,1,1119.88,1119.88,1.0,0
15497.0,219,1,970.6,970.6,1.0,0
15498.0,20,19,9126.37,480.33526315789476,7.0,0
15502.0,23,5,5955.53,1191.106,7.0,0
15503.0,262,1,141.04,141.04,0.0,1
15505.0,13,3,2091.14,697.0466666666666,2.0,0
15506.0,38,1,208.77,208.77,2.0,0
15507.0,71,1,475.86,475.86,0.0,1
15508.0,89,6,1000.27,166.71166666666667,0.0,1
15510.0,230,1,250.0,250.0,0.0,1
15512.0,55,2,121.0,60.5,0.0,1
15513.0,6,15,8928.87,595.258,4.0,0
15514.0,125,6,2501.94,416.99,5.0,0
15517.0,133,1,267.03,267.03,0.0,1
15518.0,24,7,1603.86,229.12285714285713,1.0,0
15521.0,48,5,2116.98,423.396,3.0,0
15525.0,273,1,274.93,274.93,1.0,0
15527.0,44,5,1330.79,266.158,3.0,0
15528.0,154,1,229.33,229.33,0.0,1
15529.0,42,8,2387.23,298.40375,3.0,0
15530.0,49,3,1163.69,387.8966666666667,1.0,0
15532.0,31,3,1214.49,404.83,1.0,0
15535.0,73,4,502.9,125.725,0.0,1
15537.0,63,1,110.92,110.92,0.0,1
15541.0,14,1,85.13000000000001,85.13000000000001,0.0,1
15543.0,188,1,127.86,127.86,0.0,1
15544.0,19,7,2772.37,396.05285714285714,1.0,0
15545.0,271,1,135.32999999999998,135.32999999999998,1.0,0
15547.0,10,8,2745.16,343.145,5.0,0
15549.0,57,2,1619.88,809.94,1.0,0
15550.0,6,3,433.28,144.42666666666665,0.0,1
15552.0,117,1,90.12,90.12,0.0,1
15554.0,177,1,217.2,217.2,0.0,1
15555.0,3,10,2809.63,280.963,6.0,0
15561.0,49,3,449.66999999999996,149.89,1.0,0
15562.0,251,1,134.55,134.55,0.0,1
15563.0,100,2,735.62,367.81,2.0,0
15569.0,3,5,1375.71,275.142,0.0,1
15570.0,41,9,2809.98,312.22,2.0,0
15572.0,9,4,1552.79,388.1975,2.0,0
15574.0,77,4,675.64,168.91,0.0,1
15577.0,51,3,258.88,86.29333333333334,0.0,1
15578.0,62,1,127.1,127.1,0.0,1
15579.0,213,1,195.35,195.35,1.0,0
15581.0,20,13,3675.77,282.7515384615385,0.0,1
15582.0,0,2,541.51,270.755,1.0,0
15584.0,62,1,150.4,150.4,3.0,0
15585.0,76,1,455.3,455.3,0.0,1
15587.0,42,2,456.84,228.42,2.0,0
15589.0,155,3,478.53000000000003,159.51000000000002,0.0,1
15594.0,134,1,267.91,267.91,4.0,0
15596.0,0,5,1406.59,281.318,0.0,1
15599.0,104,1,448.83,448.83,1.0,0
15601.0,22,11,5585.46,507.7690909090909,3.0,0
15602.0,100,5,542.95,108.59,3.0,0
15605.0,152,3,690.1800000000001,230.06000000000003,2.0,0
15606.0,19,8,2439.38,304.9225,1.0,0
15607.0,236,1,104.76,104.76,0.0,1
15608.0,20,1,285.68,285.68,3.0,0
15609.0,84,1,298.48,298.48,0.0,1
15611.0,3,8,947.1400000000001,118.39250000000001,4.0,0
15615.0,5,19,7367.85,387.7815789473684,4.0,0
15618.0,36,1,222.831,222.831,3.0,0
15620.0,120,2,875.01,437.505,1.0,0
15622.0,97,5,2602.0,520.4,4.0,0
15623.0,41,1,301.03,301.03,0.0,1
15624.0,16,4,588.13,147.0325,0.0,1
15625.0,3,4,1534.26,383.565,0.0,1
15626.0,229,1,281.88,281.88,1.0,0
15628.0,28,4,1313.55,328.3875,4.0,0
15630.0,104,1,396.86,396.86,1.0,0
15632.0,21,6,2351.84,391.97333333333336,2.0,0
15636.0,182,1,306.7,306.7,1.0,0
15639.0,34,1,425.32,425.32,0.0,1
15640.0,21,11,8836.74,803.34,3.0,0
15641.0,5,4,1887.2,471.8,0.0,1
15643.0,91,3,664.0,221.33333333333334,0.0,1
15644.0,66,4,803.54,200.885,0.0,1
15646.0,57,3,447.64000000000004,149.21333333333334,0.0,1
15648.0,104,2,639.5,319.75,0.0,1
15649.0,236,2,816.0,408.0,0.0,1
15651.0,160,1,227.32,227.32,2.0,0
15653.0,15,1,48.0,48.0,1.0,0
15655.0,143,1,560.67,560.67,0.0,1
15656.0,78,3,563.63,187.87666666666667,1.0,0
15658.0,90,5,1024.1000000000001,204.82000000000002,0.0,1
15660.0,35,6,884.34,147.39000000000001,3.0,0
15661.0,217,2,309.8,154.9,0.0,1
15663.0,6,1,138.14,138.14,0.0,1
15665.0,68,2,2222.21,1111.105,0.0,1
15668.0,117,1,76.32000000000001,76.32000000000001,0.0,1
15669.0,3,3,565.54,188.51333333333332,1.0,0
15670.0,196,1,173.05,173.05,0.0,1
15671.0,26,4,1334.49,333.6225,3.0,0
15673.0,56,3,2014.7,671.5666666666667,1.0,0
15674.0,113,4,1379.66,344.915,1.0,0
15675.0,55,2,225.39,112.695,1.0,0
15676.0,183,1,897.8,897.8,2.0,0
15679.0,54,2,260.26,130.13,2.0,0
15680.0,266,1,478.89,478.89,1.0,0
15681.0,83,3,703.22,234.40666666666667,2.0,0
15683.0,17,1,193.75,193.75,0.0,1
15687.0,86,5,1679.45,335.89,3.0,0
15689.0,19,2,254.1,127.05,0.0,1
15690.0,0,1,111.0,111.0,0.0,1
15691.0,152,1,136.8,136.8,0.0,1
15694.0,76,9,3305.78,367.30888888888893,3.0,0
15695.0,166,2,409.98,204.99,0.0,1
15696.0,120,6,1629.95,271.65833333333336,2.0,0
15700.0,72,2,696.68,348.34,0.0,1
15701.0,10,1,853.9,853.9,2.0,0
15703.0,164,1,211.5,211.5,0.0,1
15704.0,40,4,2293.62,573.405,0.0,1
15705.0,101,1,143.1,143.1,0.0,1
15706.0,16,1,450.05,450.05,3.0,0
15708.0,38,6,2589.34,431.5566666666667,1.0,0
15709.0,183,1,133.25,133.25,0.0,1
15712.0,9,3,766.3100000000001,255.4366666666667,1.0,0
15713.0,43,2,356.7,178.35,0.0,1
15716.0,45,4,1101.1100000000001,275.27750000000003,0.0,1
15717.0,134,1,150.3,150.3,0.0,1
15719.0,26,10,3546.8,354.68,3.0,0
15722.0,8,3,1413.45,471.15000000000003,2.0,0
15723.0,264,1,190.7,190.7,0.0,1
15724.0,101,2,218.25,109.125,0.0,1
15727.0,7,6,4589.39,764.8983333333334,1.0,0
15729.0,112,1,85.0,85.0,0.0,1
15730.0,106,1,467.43,467.43,2.0,0
15732.0,112,2,294.12,147.06,0.0,1
15733.0,182,1,162.3,162.3,0.0,1
15734.0,14,2,1339.45,669.725,0.0,1
15737.0,47,5,880.9300000000001,176.186,3.0,0
15738.0,9,12,3558.4100000000003,296.5341666666667,4.0,0
15743.0,13,2,434.05,217.025,2.0,0
15745.0,136,1,302.85,302.85,3.0,0
15746.0,34,1,196.88,196.88,0.0,1
15747.0,20,2,525.37,262.685,1.0,0
15749.0,135,3,44534.3,14844.766666666668,0.0,1
15750.0,70,4,1108.18,277.045,3.0,0
15752.0,15,5,1612.85,322.57,2.0,0
15753.0,204,1,79.2,79.2,0.0,1
15754.0,146,1,91.8,91.8,2.0,0
15755.0,8,3,1144.83,381.60999999999996,3.0,0
15756.0,52,3,359.89,119.96333333333332,1.0,0
15757.0,117,1,261.36,261.36,1.0,0
15759.0,118,3,253.04,84.34666666666666,0.0,1
15764.0,7,5,3276.62,655.324,1.0,0
15768.0,15,3,621.8299999999999,207.27666666666664,0.0,1
15769.0,1,19,41863.72,2203.3536842105264,6.0,0
15775.0,145,1,104.9,104.9,0.0,1
15776.0,33,1,241.62,241.62,0.0,1
15777.0,141,4,1047.11,261.7775,0.0,1
15780.0,83,3,475.28000000000003,158.42666666666668,0.0,1
15781.0,37,2,211.3,105.65,1.0,0
15785.0,57,4,1665.83,416.4575,1.0,0
15786.0,14,1,3147.64,3147.64,2.0,0
15789.0,258,1,351.3,351.3,0.0,1
15791.0,104,1,1223.24,1223.24,1.0,0
15793.0,168,1,306.64,306.64,2.0,0
15795.0,49,1,610.01,610.01,0.0,1
15796.0,9,5,1572.77,314.554,2.0,0
15797.0,13,4,2207.4,551.85,0.0,1
15799.0,85,2,481.24,240.62,1.0,0
15800.0,7,2,696.89,348.445,0.0,1
15801.0,9,1,137.22,137.22,2.0,0
15802.0,42,1,451.42,451.42,0.0,1
15804.0,8,4,2076.91,519.2275,8.0,0
15805.0,6,11,3548.5,322.59090909090907,6.0,0
15806.0,57,2,521.88,260.94,1.0,0
15808.0,206,4,3651.27,912.8175,0.0,1
15809.0,84,4,399.21,99.8025,1.0,0
15810.0,70,3,1361.19,453.73,1.0,0
15811.0,5,5,1773.8,354.76,1.0,0
15812.0,7,5,1801.14,360.228,0.0,1
15813.0,107,2,1303.9099999999999,651.9549999999999,0.0,1
15815.0,40,4,1874.7,468.675,1.0,0
15819.0,31,3,1585.47,528.49,1.0,0
15820.0,219,1,206.98,206.98,0.0,1
15822.0,259,1,440.2,440.2,0.0,1
15823.0,272,1,15.0,15.0,0.0,1
15825.0,72,1,532.94,532.94,0.0,1
15826.0,110,1,720.0,720.0,2.0,0
15827.0,14,13,1598.16,122.93538461538462,1.0,0
15829.0,40,1,325.44,325.44,1.0,0
15831.0,24,2,451.11,225.555,1.0,0
15832.0,154,1,836.79,836.79,0.0,1
15834.0,65,3,1783.22,594.4066666666666,1.0,0
15835.0,37,3,675.51,225.17,1.0,0
15838.0,8,12,14153.5,1179.4583333333333,7.0,0
15839.0,48,1,299.18,299.18,2.0,0
15840.0,72,1,241.74,241.74,1.0,0
15841.0,118,2,613.26,306.63,2.0,0
15843.0,203,1,118.95000000000002,118.95000000000002,0.0,1
15845.0,44,5,2526.76,505.35200000000003,3.0,0
15847.0,188,1,180.68,180.68,1.0,0
15850.0,68,1,116.16,116.16,1.0,0
15852.0,86,2,160.71,80.355,0.0,1
15854.0,40,9,2393.69,265.96555555555557,1.0,0
15855.0,36,5,712.24,142.448,0.0,1
15856.0,0,15,9939.48,662.632,6.0,0
15858.0,189,2,816.22,408.11,3.0,0
15860.0,24,5,654.28,130.856,3.0,0
15861.0,34,3,1123.76,374.58666666666664,5.0,0
15862.0,12,3,659.73,219.91,0.0,1
15863.0,92,1,9.2,9.2,1.0,0
15864.0,77,2,414.26,207.13,4.0,0
15865.0,113,1,313.93,313.93,2.0,0
15866.0,1,1,211.89,211.89,0.0,1
15867.0,13,12,2947.41,245.61749999999998,2.0,0
15869.0,177,2,149.64,74.82,0.0,1
15874.0,77,6,2207.75,367.9583333333333,1.0,0
15880.0,269,1,329.03000000000003,329.03000000000003,0.0,1
15881.0,212,5,501.39000000000004,100.278,0.0,1
15882.0,98,4,516.36,129.09,0.0,1
15885.0,209,1,15.0,15.0,2.0,0
15889.0,56,2,420.07,210.035,0.0,1
15891.0,126,1,511.68,511.68,0.0,1
15894.0,153,2,258.25,129.125,0.0,1
15895.0,49,1,179.17,179.17,0.0,1
15897.0,94,2,208.59,104.295,0.0,1
15898.0,126,4,997.94,249.485,0.0,1
15899.0,268,1,56.25,56.25,0.0,1
15901.0,54,1,110.49,110.49,2.0,0
15903.0,127,2,641.6400000000001,320.82000000000005,4.0,0
15906.0,44,4,797.71,199.4275,3.0,0
15907.0,76,2,477.59000000000003,238.79500000000002,0.0,1
15909.0,73,1,191.94,191.94,0.0,1
15910.0,107,4,550.61,137.6525,3.0,0
15912.0,78,2,264.62,132.31,0.0,1
15916.0,91,5,846.95,169.39000000000001,3.0,0
15917.0,147,1,123.1,123.1,0.0,1
15918.0,90,2,334.23,167.115,0.0,1
15919.0,268,1,214.07999999999998,214.07999999999998,1.0,0
15920.0,54,4,167.5,41.875,0.0,1
15921.0,72,1,323.03000000000003,323.03000000000003,0.0,1
15922.0,273,1,369.5,369.5,0.0,1
15923.0,272,1,127.08,127.08,0.0,1
15925.0,94,1,207.15,207.15,0.0,1
15932.0,7,6,1885.95,314.325,1.0,0
15935.0,139,2,416.86,208.43,0.0,1
15938.0,12,5,404.58,80.916,0.0,1
15939.0,7,14,5860.25,418.5892857142857,1.0,0
15940.0,211,1,35.8,35.8,0.0,1
15942.0,33,1,337.44,337.44,0.0,1
15944.0,176,1,325.1,325.1,0.0,1
15945.0,265,1,181.0,181.0,0.0,1
15950.0,6,2,1091.38,545.69,2.0,0
15951.0,185,1,375.16999999999996,375.16999999999996,0.0,1
15952.0,59,2,309.2,154.6,2.0,0
15953.0,111,4,824.04,206.01,4.0,0
15955.0,6,8,2463.65,307.95625,6.0,0
15965.0,267,1,156.19,156.19,3.0,0
15967.0,218,1,161.9,161.9,1.0,0
15969.0,85,1,308.7,308.7,1.0,0
15970.0,203,1,314.1,314.1,0.0,1
15971.0,8,7,2109.45,301.34999999999997,5.0,0
15973.0,266,1,307.82000000000005,307.82000000000005,0.0,1
15974.0,33,5,2547.13,509.42600000000004,2.0,0
15976.0,65,2,427.64,213.82,0.0,1
15980.0,154,1,760.18,760.18,2.0,0
15981.0,37,6,2458.2,409.7,2.0,0
15983.0,260,3,1138.37,379.45666666666665,1.0,0
15984.0,0,7,1807.51,258.2157142857143,1.0,0
15985.0,23,2,1142.42,571.21,0.0,1
15987.0,20,6,1193.63,198.93833333333336,1.0,0
15990.0,187,1,401.37,401.37,1.0,0
15996.0,16,5,879.76,175.952,1.0,0
15998.0,71,3,2105.26,701.7533333333334,2.0,0
16003.0,34,3,1793.9,597.9666666666667,2.0,0
16005.0,82,2,275.41,137.705,2.0,0
16006.0,111,1,101.4,101.4,0.0,1
16007.0,80,2,727.67,363.835,2.0,0
16008.0,104,1,139.15,139.15,2.0,0
16009.0,59,1,441.59000000000003,441.59000000000003,3.0,0
16010.0,145,3,392.4,130.79999999999998,0.0,1
16011.0,19,10,1715.53,171.553,5.0,0
16012.0,28,2,1132.12,566.06,1.0,0
16013.0,9,34,21587.739999999998,634.9335294117647,11.0,0
16014.0,52,2,514.38,257.19,1.0,0
16016.0,96,4,791.07,197.7675,3.0,0
16018.0,80,1,161.9,161.9,1.0,0
16019.0,36,7,2952.25,421.75,2.0,0
16022.0,160,1,602.63,602.63,0.0,1
16023.0,92,2,500.69,250.345,1.0,0
16027.0,37,5,776.22,155.244,1.0,0
16029.0,7,46,52213.24,1135.0704347826086,17.0,0
16030.0,209,1,331.24,331.24,0.0,1
16031.0,147,1,305.63,305.63,1.0,0
16033.0,8,16,5864.55,366.534375,3.0,0
16034.0,96,3,437.7,145.9,0.0,1
16036.0,163,1,188.73,188.73,1.0,0
16037.0,169,3,855.02,285.00666666666666,0.0,1
16038.0,77,2,393.33,196.665,0.0,1
16040.0,48,2,876.1800000000001,438.09000000000003,1.0,0
16041.0,41,2,2739.8,1369.9,1.0,0
16042.0,7,2,440.48,220.24,3.0,0
16043.0,111,3,676.49,225.49666666666667,1.0,0
16045.0,19,4,1340.7,335.175,0.0,1
16048.0,273,2,256.44,128.22,0.0,1
16050.0,73,1,137.9,137.9,0.0,1
16053.0,22,1,1124.19,1124.19,1.0,0
16054.0,45,1,783.9,783.9,0.0,1
16055.0,120,1,134.8,134.8,0.0,1
16057.0,111,3,1059.54,353.18,4.0,0
16059.0,63,4,944.6,236.15,2.0,0
16062.0,33,3,778.14,259.38,0.0,1
16063.0,160,1,335.32,335.32,0.0,1
16065.0,265,1,367.14,367.14,0.0,1
16066.0,24,1,316.38,316.38,4.0,0
16072.0,188,1,584.3199999999999,584.3199999999999,0.0,1
16073.0,197,1,122.39999999999999,122.39999999999999,0.0,1
16076.0,20,3,887.8000000000001,295.93333333333334,6.0,0
16078.0,183,1,79.2,79.2,0.0,1
16080.0,174,1,130.26,130.26,1.0,0
16081.0,85,3,992.37,330.79,2.0,0
16083.0,0,2,1317.62,658.81,0.0,1
16084.0,199,1,436.18,436.18,0.0,1
16085.0,136,2,325.04,162.52,3.0,0
16086.0,100,3,587.0600000000001,195.6866666666667,2.0,0
16091.0,54,2,315.06,157.53,0.0,1
16092.0,14,3,817.86,272.62,0.0,1
16093.0,6,1,17.0,17.0,0.0,1
16094.0,119,1,252.1,252.1,3.0,0
16096.0,164,1,320.62,320.62,0.0,1
16097.0,140,1,185.04999999999998,185.04999999999998,0.0,1
16098.0,28,6,1712.49,285.415,1.0,0
16099.0,37,2,592.1,296.05,1.0,0
16102.0,28,1,839.76,839.76,2.0,0
16103.0,57,4,1156.4,289.1,1.0,0
16105.0,148,1,336.96,336.96,0.0,1
16107.0,3,3,1494.1200000000001,498.04,4.0,0
16109.0,118,2,611.88,305.94,0.0,1
16110.0,162,2,678.18,339.09,1.0,0
16112.0,43,4,195.73999999999998,48.934999999999995,0.0,1
16113.0,83,1,161.38,161.38,0.0,1
16114.0,70,1,135.75000000000003,135.75000000000003,0.0,1
16115.0,17,5,924.59,184.918,2.0,0
16116.0,111,1,612.78,612.78,0.0,1
16117.0,89,1,232.21,232.21,0.0,1
16121.0,115,1,285.94,285.94,1.0,0
16122.0,12,3,550.26,183.42,1.0,0
16124.0,217,1,249.0,249.0,0.0,1
16125.0,267,1,289.35,289.35,0.0,1
16126.0,1,3,3706.7000000000003,1235.5666666666668,1.0,0
16128.0,43,2,694.7,347.35,3.0,0
16131.0,15,4,2278.5,569.625,2.0,0
16133.0,1,23,10619.27,461.7073913043478,7.0,0
16134.0,259,1,283.53000000000003,283.53000000000003,1.0,0
16135.0,162,1,517.55,517.55,0.0,1
16136.0,177,1,159.3,159.3,2.0,0
16139.0,12,2,306.37,153.185,1.0,0
16140.0,271,1,124.14,124.14,1.0,0
16142.0,149,1,535.34,535.34,0.0,1
16143.0,8,5,1949.3600000000001,389.872,0.0,1
16144.0,146,1,175.2,175.2,0.0,1
16145.0,23,7,2282.3,326.04285714285714,3.0,0
16146.0,57,3,734.13,244.71,0.0,1
16147.0,33,1,375.0,375.0,0.0,1
16148.0,196,1,76.32000000000001,76.32000000000001,0.0,1
16149.0,42,1,163.68,163.68,0.0,1
16150.0,28,3,1408.7,469.56666666666666,2.0,0
16152.0,168,1,1829.04,1829.04,0.0,1
16153.0,15,4,1023.54,255.885,1.0,0
16156.0,51,5,1415.17,283.034,3.0,0
16159.0,181,1,348.2,348.2,0.0,1
16161.0,40,12,3036.66,253.05499999999998,6.0,0
16162.0,152,1,37.4,37.4,0.0,1
16163.0,132,2,856.6,428.3,0.0,1
16168.0,3,16,2361.2,147.575,11.0,0
16170.0,12,5,1560.6599999999999,312.13199999999995,1.0,0
16172.0,30,3,800.35,266.78333333333336,2.0,0
16174.0,26,3,1009.5500000000001,336.5166666666667,0.0,1
16175.0,69,3,736.89,245.63,1.0,0
16178.0,38,1,197.9,197.9,0.0,1
16180.0,0,8,10254.18,1281.7725,0.0,1
16182.0,30,3,4844.0,1614.6666666666667,1.0,0
16184.0,5,5,985.8000000000001,197.16000000000003,1.0,0
16185.0,132,1,335.0,335.0,1.0,0
16186.0,3,9,2696.53,299.6144444444445,3.0,0
16187.0,13,10,4601.32,460.13199999999995,5.0,0
16188.0,41,3,755.03,251.67666666666665,1.0,0
16191.0,162,8,2615.68,326.96,4.0,0
16193.0,136,1,314.45,314.45,0.0,1
16200.0,64,1,550.57,550.57,0.0,1
16201.0,9,1,303.8,303.8,2.0,0
16202.0,260,1,365.27,365.27,0.0,1
16203.0,47,3,378.3,126.10000000000001,1.0,0
16205.0,79,1,112.35,112.35,3.0,0
16206.0,24,3,409.86,136.62,1.0,0
16208.0,189,1,497.59,497.59,1.0,0
16209.0,19,4,2116.9,529.225,1.0,0
16210.0,16,10,10904.08,1090.408,6.0,0
16212.0,183,1,498.15000000000003,498.15000000000003,1.0,0
16214.0,70,3,1062.75,354.25,0.0,1
16216.0,167,1,914.9300000000001,914.9300000000001,0.0,1
16217.0,135,2,304.25,152.125,0.0,1
16218.0,14,6,2635.48,439.24666666666667,1.0,0
16221.0,175,2,315.37,157.685,1.0,0
16222.0,218,1,773.5500000000001,773.5500000000001,0.0,1
16224.0,41,3,865.88,288.62666666666667,1.0,0
16225.0,49,4,953.64,238.41,1.0,0
16226.0,103,3,255.12,85.04,0.0,1
16227.0,125,1,314.22,314.22,0.0,1
16229.0,112,1,358.2,358.2,1.0,0
16230.0,89,2,542.03,271.015,0.0,1
16232.0,43,3,725.04,241.67999999999998,1.0,0
16233.0,229,2,326.5,163.25,1.0,0
16235.0,86,3,665.29,221.76333333333332,2.0,0
16239.0,89,1,347.9,347.9,1.0,0
16241.0,14,8,1501.82,187.7275,4.0,0
16242.0,65,3,846.59,282.19666666666666,3.0,0
16244.0,111,2,1522.75,761.375,0.0,1
16245.0,21,2,769.7,384.85,1.0,0
16247.0,70,1,114.56,114.56,0.0,1
16249.0,12,4,1440.77,360.1925,1.0,0
16250.0,161,2,389.44,194.72,0.0,1
16253.0,155,1,1700.4,1700.4,1.0,0
16255.0,31,6,1797.75,299.625,2.0,0
16256.0,166,1,752.4300000000001,752.4300000000001,0.0,1
16257.0,76,1,46.95,46.95,0.0,1
16258.0,27,4,3741.06,935.265,1.0,0
16261.0,13,2,409.99,204.995,2.0,0
16265.0,10,7,4062.02,580.2885714285715,1.0,0
16266.0,15,6,761.12,126.85333333333334,1.0,0
16270.0,253,1,1141.24,1141.24,0.0,1
16271.0,26,3,868.4300000000001,289.4766666666667,1.0,0
16272.0,16,1,411.7,411.7,0.0,1
16274.0,273,1,351.75,351.75,0.0,1
16275.0,96,1,559.87,559.87,0.0,1
16276.0,76,1,810.6000000000001,810.6000000000001,0.0,1
16278.0,0,1,566.38,566.38,0.0,1
16279.0,76,1,359.08000000000004,359.08000000000004,2.0,0
16282.0,239,1,168.3,168.3,0.0,1
16283.0,20,3,586.35,195.45000000000002,1.0,0
16287.0,69,1,142.5,142.5,0.0,1
16292.0,21,1,302.25,302.25,0.0,1
16293.0,107,4,1129.74,282.435,6.0,0
16297.0,168,1,301.9,301.9,0.0,1
16298.0,86,1,114.3,114.3,2.0,0
16302.0,26,1,233.22,233.22,0.0,1
16303.0,15,2,4036.33,2018.165,1.0,0
16305.0,38,1,361.21999999999997,361.21999999999997,0.0,1
16306.0,113,6,632.27,105.37833333333333,0.0,1
16308.0,7,3,1600.0,533.3333333333334,1.0,0
16309.0,6,2,706.57,353.285,0.0,1
16315.0,230,1,226.37,226.37,0.0,1
16316.0,57,7,2212.81,316.11571428571426,1.0,0
16317.0,19,3,1341.65,447.2166666666667,0.0,1
16319.0,117,1,404.40000000000003,404.40000000000003,0.0,1
16320.0,72,2,1038.46,519.23,0.0,1
16321.0,205,3,223.65,74.55,2.0,0
16323.0,96,1,207.50000000000003,207.50000000000003,0.0,1
16324.0,28,3,408.59000000000003,136.1966666666667,0.0,1
16325.0,55,2,416.02000000000004,208.01000000000002,1.0,0
16326.0,17,7,1215.52,173.6457142857143,6.0,0
16327.0,99,4,2469.64,617.41,2.0,0
16330.0,12,2,48.96,24.48,1.0,0
16332.0,30,3,651.77,217.25666666666666,4.0,0
16333.0,23,17,14369.2,845.2470588235294,3.0,0
16338.0,57,1,214.79999999999998,214.79999999999998,0.0,1
16339.0,184,1,94.05,94.05,0.0,1
16340.0,7,1,534.31,534.31,0.0,1
16341.0,101,1,797.65,797.65,3.0,0
16342.0,7,3,283.71,94.57,1.0,0
16344.0,58,1,101.10000000000001,101.10000000000001,0.0,1
16348.0,28,4,738.29,184.5725,3.0,0
16349.0,190,1,53.5,53.5,0.0,1
16350.0,233,1,376.7,376.7,3.0,0
16351.0,232,1,153.9,153.9,0.0,1
16353.0,3,13,3325.9100000000003,255.8392307692308,8.0,0
16356.0,97,3,211.77,70.59,0.0,1
16357.0,62,2,257.95,128.975,1.0,0
16358.0,84,1,462.15000000000003,462.15000000000003,2.0,0
16359.0,76,6,1246.83,207.80499999999998,2.0,0
16364.0,37,1,346.3,346.3,1.0,0
16365.0,23,7,862.56,123.22285714285714,2.0,0
16367.0,262,1,167.09,167.09,1.0,0
16369.0,96,1,354.45,354.45,2.0,0
16370.0,17,3,944.49,314.83,1.0,0
16374.0,162,1,154.2,154.2,1.0,0
16377.0,167,1,676.2,676.2,0.0,1
16378.0,147,3,362.95,120.98333333333333,0.0,1
16383.0,168,1,309.46,309.46,1.0,0
16384.0,163,1,409.1,409.1,1.0,0
16385.0,58,2,273.82,136.91,1.0,0
16386.0,153,1,61.10000000000001,61.10000000000001,1.0,0
16387.0,222,1,94.36,94.36,0.0,1
16389.0,105,2,670.17,335.085,2.0,0
16392.0,169,1,217.89,217.89,0.0,1
16393.0,42,8,1503.33,187.91625,4.0,0
16394.0,71,3,933.1,311.03333333333336,2.0,0
16395.0,68,3,964.3,321.43333333333334,2.0,0
16398.0,54,2,1705.8,852.9,0.0,1
16399.0,135,1,178.41,178.41,1.0,0
16401.0,31,7,2455.42,350.7742857142857,4.0,0
16402.0,164,2,293.45,146.725,0.0,1
16403.0,212,1,177.5,177.5,0.0,1
16405.0,202,2,167.25,83.625,0.0,1
16407.0,10,8,1482.37,185.29625,2.0,0
16409.0,50,3,1033.3700000000001,344.4566666666667,2.0,0
16411.0,269,1,128.55,128.55,1.0,0
16414.0,180,1,50.8,50.8,1.0,0
16418.0,126,1,145.91,145.91,2.0,0
16419.0,12,6,958.71,159.785,0.0,1
16422.0,7,38,28566.72,751.7557894736842,13.0,0
16424.0,91,1,133.56,133.56,0.0,1
16425.0,202,1,302.7,302.7,0.0,1
16426.0,176,1,328.37,328.37,6.0,0
16427.0,163,2,241.06,120.53,0.0,1
16429.0,6,1,284.55,284.55,0.0,1
16431.0,113,3,623.28,207.76,0.0,1
16434.0,92,3,716.72,238.90666666666667,4.0,0
16440.0,114,1,272.46,272.46,3.0,0
16441.0,191,1,211.0,211.0,1.0,0
16442.0,127,2,432.43,216.215,0.0,1
16444.0,94,2,240.08,120.04,2.0,0
16446.0,105,1,2.9,2.9,0.0,1
16447.0,35,1,255.91,255.91,0.0,1
16448.0,98,1,182.99,182.99,0.0,1
16449.0,97,2,707.69,353.845,0.0,1
16450.0,49,1,311.92,311.92,0.0,1
16455.0,104,5,1133.78,226.756,2.0,0
16456.0,3,4,1700.58,425.145,1.0,0
16457.0,118,1,208.36,208.36,0.0,1
16458.0,6,11,2151.5,195.5909090909091,6.0,0
16461.0,77,1,142.92,142.92,0.0,1
16462.0,85,2,68.0,34.0,1.0,0
16463.0,104,1,319.37,319.37,3.0,0
16464.0,42,1,380.33,380.33,2.0,0
16466.0,3,5,999.63,199.926,2.0,0
16469.0,146,2,268.3,134.15,2.0,0
16470.0,15,3,539.13,179.71,1.0,0
16471.0,174,1,223.95000000000002,223.95000000000002,0.0,1
16473.0,64,3,316.11,105.37,0.0,1
16474.0,45,1,341.35,341.35,5.0,0
16475.0,43,3,459.3,153.1,1.0,0
16477.0,31,6,1999.26,333.21,1.0,0
16483.0,92,1,139.35,139.35,0.0,1
16484.0,73,2,404.3,202.15,0.0,1
16488.0,14,2,354.57,177.285,1.0,0
16493.0,73,3,782.29,260.7633333333333,1.0,0
16494.0,196,1,826.53,826.53,0.0,1
16495.0,176,2,246.51,123.255,0.0,1
16496.0,107,2,1185.04,592.52,0.0,1
16497.0,103,5,1550.7,310.14,1.0,0
16498.0,61,2,100.97,50.485,0.0,1
16499.0,260,2,365.45,182.725,0.0,1
16500.0,230,1,165.0,165.0,4.0,0
16503.0,6,4,1431.93,357.9825,0.0,1
16509.0,196,1,363.7,363.7,0.0,1
16510.0,272,1,248.1,248.1,0.0,1
16511.0,44,2,565.7,282.85,1.0,0
16515.0,50,3,984.62,328.20666666666665,2.0,0
16517.0,177,1,162.7,162.7,0.0,1
16518.0,184,1,190.7,190.7,1.0,0
16519.0,265,1,103.7,103.7,1.0,0
16520.0,86,3,1046.57,348.8566666666666,0.0,1
16523.0,15,12,4768.25,397.3541666666667,7.0,0
16525.0,17,20,9998.55,499.92749999999995,5.0,0
16526.0,71,1,290.36,290.36,0.0,1
16529.0,90,1,455.25,455.25,0.0,1
16531.0,27,4,684.53,171.1325,3.0,0
16532.0,35,2,4516.8,2258.4,1.0,0
16536.0,10,1,548.12,548.12,0.0,1
16539.0,119,3,1053.61,351.2033333333333,0.0,1
16545.0,64,1,339.3,339.3,0.0,1
16546.0,190,2,787.15,393.575,0.0,1
16549.0,24,2,780.36,390.18,8.0,0
16550.0,8,5,2298.97,459.794,0.0,1
16551.0,30,2,617.17,308.585,1.0,0
16552.0,142,2,379.73,189.865,0.0,1
16553.0,63,12,5719.82,476.65166666666664,0.0,1
16554.0,122,2,314.11,157.055,1.0,0
16555.0,9,1,151.98,151.98,1.0,0
16556.0,5,6,2556.37,426.06166666666667,1.0,0
16557.0,37,1,101.15,101.15,1.0,0
16558.0,21,13,4362.4,335.5692307692307,6.0,0
16560.0,258,1,332.18,332.18,1.0,0
16565.0,264,1,173.7,173.7,0.0,1
16566.0,70,3,463.88,154.62666666666667,2.0,0
16567.0,94,2,865.6,432.8,0.0,1
16570.0,27,6,2134.07,355.67833333333334,4.0,0
16571.0,76,2,896.79,448.395,1.0,0
16572.0,27,3,1009.6,336.53333333333336,0.0,1
16573.0,190,1,292.63,292.63,1.0,0
16581.0,82,1,105.84,105.84,0.0,1
16582.0,13,1,313.62,313.62,0.0,1
16583.0,273,1,233.45,233.45,0.0,1
16584.0,154,1,611.94,611.94,1.0,0
16586.0,148,1,463.95,463.95,0.0,1
16587.0,132,1,225.15,225.15,0.0,1
16589.0,6,2,214.68,107.34,1.0,0
16592.0,36,10,2214.33,221.433,5.0,0
16593.0,89,2,255.5,127.75,1.0,0
16596.0,266,1,120.65,120.65,1.0,0
16598.0,185,1,145.04999999999998,145.04999999999998,0.0,1
16600.0,153,2,237.46,118.73,3.0,0
16607.0,28,10,2267.58,226.75799999999998,4.0,0
16609.0,35,5,2710.04,542.008,2.0,0
16610.0,119,1,75.66,75.66,0.0,1
16611.0,86,1,129.49,129.49,0.0,1
16612.0,19,3,870.3000000000001,290.1,1.0,0
16614.0,82,1,506.19,506.19,0.0,1
16616.0,57,1,210.10000000000002,210.10000000000002,1.0,0
16617.0,135,1,151.85,151.85,0.0,1
16618.0,110,4,1441.29,360.3225,1.0,0
16619.0,163,1,226.21,226.21,0.0,1
16620.0,160,1,95.75999999999999,95.75999999999999,0.0,1
16621.0,47,3,609.41,203.13666666666666,1.0,0
16623.0,145,1,129.45,129.45,0.0,1
16624.0,97,1,426.43,426.43,1.0,0
16625.0,174,1,333.08,333.08,0.0,1
16626.0,13,7,2165.34,309.3342857142857,8.0,0
16628.0,6,4,1619.8400000000001,404.96000000000004,1.0,0
16633.0,14,3,1168.26,389.42,3.0,0
16634.0,122,2,217.9,108.95,0.0,1
16637.0,23,2,530.55,265.275,2.0,0
16638.0,6,8,1429.71,178.71375,2.0,0
16639.0,106,2,471.15000000000003,235.57500000000002,1.0,0
16641.0,5,1,231.10000000000002,231.10000000000002,0.0,1
16642.0,107,1,307.73,307.73,0.0,1
16643.0,145,1,487.51,487.51,0.0,1
16644.0,77,2,833.78,416.89,0.0,1
16647.0,69,2,214.06,107.03,0.0,1
16652.0,9,5,4525.87,905.174,2.0,0
16654.0,41,4,601.27,150.3175,0.0,1
16655.0,31,3,1867.19,622.3966666666666,3.0,0
16656.0,20,10,6257.0,625.7,5.0,0
16657.0,48,2,414.79,207.395,1.0,0
16658.0,268,1,123.24,123.24,0.0,1
16659.0,89,1,39.12,39.12,0.0,1
16660.0,110,2,384.36,192.18,2.0,0
16665.0,262,1,135.39999999999998,135.39999999999998,0.0,1
16667.0,184,1,200.4,200.4,1.0,0
16668.0,16,5,266.52,53.303999999999995,1.0,0
16670.0,6,8,3239.9700000000003,404.99625000000003,3.0,0
16671.0,64,1,1382.88,1382.88,2.0,0
16672.0,12,16,6303.74,393.98375,3.0,0
16676.0,113,3,1098.5,366.1666666666667,1.0,0
16678.0,19,7,1830.34,261.47714285714284,4.0,0
16679.0,266,1,129.75,129.75,0.0,1
16681.0,44,4,1332.68,333.17,2.0,0
16682.0,58,2,626.3,313.15,2.0,0
16684.0,33,18,33883.5,1882.4166666666667,9.0,0
16686.0,3,5,1998.65,399.73,2.0,0
16690.0,101,1,86.5,86.5,1.0,0
16692.0,156,2,1276.0,638.0,0.0,1
16693.0,171,1,153.41,153.41,1.0,0
16696.0,35,4,657.9000000000001,164.47500000000002,0.0,1
16697.0,141,1,112.75,112.75,0.0,1
16698.0,126,2,1998.0,999.0,0.0,1
16700.0,21,10,4095.95,409.59499999999997,2.0,0
16701.0,29,10,4050.42,405.04200000000003,2.0,0
16705.0,44,9,8194.43,910.4922222222223,10.0,0
16706.0,14,1,291.53,291.53,2.0,0
16709.0,99,4,1984.5900000000001,496.14750000000004,1.0,0
16710.0,38,7,1835.08,262.1542857142857,3.0,0
16711.0,40,3,909.87,303.29,1.0,0
16712.0,8,7,2010.91,287.27285714285716,3.0,0
16713.0,15,11,3970.77,360.9790909090909,4.0,0
16714.0,118,3,1129.06,376.3533333333333,0.0,1
16716.0,166,2,901.2,450.6,0.0,1
16717.0,62,3,1136.16,378.72,3.0,0
16718.0,269,1,606.0500000000001,606.0500000000001,0.0,1
16719.0,48,5,1283.88,256.776,2.0,0
16721.0,162,1,292.47,292.47,0.0,1
16722.0,6,9,3234.5,359.3888888888889,4.0,0
16723.0,7,1,411.4,411.4,1.0,0
16725.0,202,7,758.27,108.32428571428571,0.0,1
16726.0,96,4,777.16,194.29,1.0,0
16727.0,264,1,256.32,256.32,0.0,1
16728.0,66,3,548.31,182.76999999999998,1.0,0
16729.0,14,16,4996.29,312.268125,5.0,0
16730.0,134,2,480.94,240.47,1.0,0
16734.0,14,2,302.40999999999997,151.20499999999998,1.0,0
16735.0,139,2,1044.77,522.385,3.0,0
16738.0,197,1,3.75,3.75,0.0,1
16739.0,76,1,323.0,323.0,0.0,1
16743.0,13,6,1860.9,310.15000000000003,1.0,0
16744.0,45,2,240.74,120.37,5.0,0
16745.0,19,15,5897.33,393.1553333333333,2.0,0
16746.0,0,12,4403.53,366.9608333333333,5.0,0
16748.0,117,3,910.2,303.40000000000003,2.0,0
16750.0,21,3,416.12,138.70666666666668,2.0,0
16752.0,272,1,207.5,207.5,0.0,1
16754.0,272,1,2002.4,2002.4,0.0,1
16755.0,14,3,1475.43,491.81,0.0,1
16756.0,114,1,239.4,239.4,0.0,1
16757.0,218,1,106.83000000000001,106.83000000000001,0.0,1
16762.0,44,1,314.15000000000003,314.15000000000003,2.0,0
16763.0,98,1,611.85,611.85,0.0,1
16764.0,26,3,522.0600000000001,174.02,8.0,0
16765.0,194,1,34.0,34.0,0.0,1
16766.0,173,2,1145.6,572.8,0.0,1
16767.0,13,6,4229.32,704.8866666666667,5.0,0
16768.0,3,2,286.49,143.245,1.0,0
16769.0,160,1,361.54,361.54,0.0,1
16770.0,136,4,649.38,162.345,1.0,0
16771.0,175,3,1651.75,550.5833333333334,2.0,0
16774.0,16,3,542.2,180.73333333333335,1.0,0
16775.0,22,8,1174.55,146.81875,3.0,0
16777.0,157,1,173.52,173.52,1.0,0
16778.0,174,1,93.18,93.18,1.0,0
16779.0,6,15,6376.7300000000005,425.11533333333335,5.0,0
16780.0,0,2,422.24,211.12,0.0,1
16781.0,272,1,311.25,311.25,0.0,1
16782.0,38,9,1630.4,181.15555555555557,4.0,0
16788.0,23,2,594.39,297.195,0.0,1
16791.0,22,5,791.87,158.374,2.0,0
16792.0,182,2,110.38000000000001,55.190000000000005,0.0,1
16794.0,8,4,607.05,151.7625,5.0,0
16795.0,265,1,414.88,414.88,0.0,1
16801.0,63,4,1594.23,398.5575,0.0,1
16804.0,170,1,118.05,118.05,2.0,0
16805.0,73,2,460.59,230.295,0.0,1
16806.0,3,4,762.16,190.54,0.0,1
16807.0,42,3,1121.59,373.8633333333333,0.0,1
16808.0,174,1,166.5,166.5,1.0,0
16809.0,36,3,470.69,156.89666666666668,2.0,0
16810.0,92,1,309.54,309.54,0.0,1
16812.0,260,1,479.35,479.35,0.0,1
16813.0,13,6,1029.36,171.55999999999997,3.0,0
16814.0,8,16,5131.69,320.730625,5.0,0
16816.0,3,4,417.06,104.265,0.0,1
16817.0,85,7,1179.43,168.49,1.0,0
16818.0,6,8,2102.4,262.8,3.0,0
16823.0,127,1,358.38,358.38,0.0,1
16824.0,64,1,222.9,222.9,1.0,0
16825.0,85,1,318.7,318.7,1.0,0
16828.0,12,1,113.5,113.5,1.0,0
16829.0,56,1,197.22,197.22,0.0,1
16832.0,84,3,199.15,66.38333333333334,0.0,1
16833.0,159,3,671.29,223.76333333333332,0.0,1
16834.0,127,1,413.46,413.46,0.0,1
16835.0,28,2,180.85,90.425,0.0,1
16836.0,16,1,91.32000000000001,91.32000000000001,1.0,0
16837.0,57,9,1911.74,212.41555555555556,2.0,0
16838.0,97,2,588.85,294.425,0.0,1
16839.0,9,22,10869.28,494.0581818181818,10.0,0
16841.0,37,5,1561.06,312.212,1.0,0
16842.0,0,3,1264.19,421.3966666666667,0.0,1
16843.0,34,11,7371.6,670.1454545454545,5.0,0
16849.0,86,1,124.57,124.57,0.0,1
16850.0,233,1,332.41,332.41,0.0,1
16852.0,76,1,113.06,113.06,1.0,0
16858.0,268,1,375.69000000000005,375.69000000000005,0.0,1
16859.0,44,2,747.81,373.905,0.0,1
16861.0,58,1,70.80000000000001,70.80000000000001,1.0,0
16863.0,266,1,164.25,164.25,1.0,0
16866.0,40,3,207.73999999999998,69.24666666666666,0.0,1
16869.0,65,2,387.68,193.84,2.0,0
16871.0,110,4,2037.82,509.455,2.0,0
16872.0,5,2,464.68000000000006,232.34000000000003,1.0,0
16873.0,27,4,3871.4700000000003,967.8675000000001,1.0,0
16875.0,44,4,1138.2,284.55,1.0,0
16877.0,52,2,188.98,94.49,4.0,0
16880.0,26,5,841.01,168.202,2.0,0
16882.0,139,2,215.70000000000002,107.85000000000001,1.0,0
16883.0,87,2,272.48,136.24,0.0,1
16885.0,257,1,177.95,177.95,2.0,0
16889.0,94,3,1578.67,526.2233333333334,0.0,1
16891.0,41,2,393.57,196.785,2.0,0
16892.0,83,1,102.97999999999999,102.97999999999999,2.0,0
16893.0,266,1,145.93,145.93,0.0,1
16897.0,199,2,289.78,144.89,0.0,1
16898.0,77,2,313.77,156.885,1.0,0
16899.0,49,3,510.18,170.06,2.0,0
16902.0,16,1,1706.88,1706.88,0.0,1
16904.0,8,13,2933.55,225.65769230769232,2.0,0
16905.0,136,3,822.18,274.06,3.0,0
16906.0,86,3,392.99,130.99666666666667,1.0,0
16907.0,48,4,658.99,164.7475,1.0,0
16912.0,34,7,1538.58,219.79714285714286,4.0,0
16913.0,190,1,113.44,113.44,0.0,1
16915.0,27,4,382.39000000000004,95.59750000000001,1.0,0
16916.0,272,1,196.43,196.43,1.0,0
16917.0,176,1,391.52,391.52,0.0,1
16918.0,59,2,523.03,261.515,4.0,0
16919.0,56,11,2592.25,235.6590909090909,0.0,1
16923.0,52,13,4242.42,326.34000000000003,6.0,0
16926.0,271,1,230.25,230.25,0.0,1
16927.0,15,3,543.05,181.01666666666665,0.0,1
16928.0,1,14,2171.35,155.09642857142856,3.0,0
16929.0,27,2,428.88,214.44,4.0,0
16931.0,3,14,2897.33,206.95214285714286,6.0,0
16933.0,139,1,224.73,224.73,0.0,1
16938.0,79,3,2386.05,795.35,0.0,1
16940.0,69,2,1868.36,934.18,1.0,0
16942.0,36,7,1439.44,205.6342857142857,2.0,0
16943.0,111,3,816.73,272.24333333333334,0.0,1
16945.0,13,12,2705.21,225.43416666666667,7.0,0
16947.0,135,1,406.48,406.48,0.0,1
16948.0,38,3,435.02,145.00666666666666,0.0,1
16949.0,85,4,893.75,223.4375,1.0,0
16950.0,24,2,778.41,389.205,1.0,0
16951.0,34,3,1277.75,425.9166666666667,0.0,1
16952.0,9,2,167.61,83.805,0.0,1
16954.0,24,4,1245.3799999999999,311.34499999999997,3.0,0
16955.0,84,4,518.67,129.6675,0.0,1
16957.0,139,2,416.64,208.32,0.0,1
16960.0,152,1,201.53,201.53,2.0,0
16961.0,16,1,234.17,234.17,0.0,1
16963.0,87,1,110.55000000000001,110.55000000000001,0.0,1
16965.0,126,1,201.19,201.19,0.0,1
16966.0,70,4,1486.56,371.64,2.0,0
16967.0,89,1,319.02,319.02,0.0,1
16968.0,7,1,253.31,253.31,0.0,1
16969.0,34,2,478.96000000000004,239.48000000000002,1.0,0
16976.0,167,1,251.51999999999998,251.51999999999998,0.0,1
16979.0,47,2,555.65,277.825,3.0,0
16980.0,155,2,1028.46,514.23,0.0,1
16983.0,80,4,885.22,221.305,3.0,0
16984.0,30,1,3213.19,3213.19,1.0,0
16985.0,57,7,3578.54,511.21999999999997,3.0,0
16987.0,70,3,629.45,209.8166666666667,3.0,0
16989.0,50,1,857.7,857.7,4.0,0
16990.0,118,1,179.0,179.0,0.0,1
16992.0,99,2,671.15,335.575,3.0,0
16996.0,21,5,1041.78,208.356,1.0,0
16997.0,188,3,702.0,234.0,0.0,1
16998.0,49,4,295.0,73.75,0.0,1
17001.0,13,7,2471.09,353.0128571428572,3.0,0
17002.0,115,2,993.52,496.76,1.0,0
17007.0,55,5,575.44,115.08800000000001,1.0,0
17015.0,85,1,520.55,520.55,2.0,0
17017.0,62,14,5431.28,387.9485714285714,4.0,0
17018.0,225,1,405.0,405.0,1.0,0
17019.0,161,3,995.93,331.97666666666663,1.0,0
17024.0,57,1,31.25,31.25,2.0,0
17025.0,273,2,160.97,80.485,1.0,0
17026.0,85,2,154.82999999999998,77.41499999999999,0.0,1
17027.0,79,4,645.23,161.3075,2.0,0
17029.0,10,2,716.0,358.0,0.0,1
17031.0,54,1,225.95,225.95,1.0,0
17033.0,114,2,608.1,304.05,1.0,0
17034.0,187,1,141.79999999999998,141.79999999999998,2.0,0
17035.0,145,2,433.53000000000003,216.76500000000001,0.0,1
17040.0,37,1,449.73,449.73,0.0,1
17041.0,8,2,750.89,375.445,1.0,0
17042.0,21,4,915.02,228.755,0.0,1
17043.0,78,2,324.96999999999997,162.48499999999999,2.0,0
17045.0,13,3,339.44,113.14666666666666,0.0,1
17046.0,57,1,642.02,642.02,0.0,1
17047.0,105,2,749.4300000000001,374.71500000000003,1.0,0
17048.0,17,3,925.35,308.45,0.0,1
17049.0,17,5,2606.65,521.33,3.0,0
17050.0,87,5,2617.39,523.478,1.0,0
17051.0,94,1,240.89000000000001,240.89000000000001,0.0,1
17053.0,30,1,498.48,498.48,0.0,1
17054.0,37,4,1207.32,301.83,1.0,0
17058.0,99,2,819.66,409.83,1.0,0
17059.0,10,4,2237.1,559.275,1.0,0
17060.0,166,1,234.24,234.24,0.0,1
17061.0,10,10,4658.83,465.883,1.0,0
17062.0,213,4,533.33,133.3325,0.0,1
17063.0,63,4,671.87,167.9675,3.0,0
17064.0,82,2,457.40000000000003,228.70000000000002,1.0,0
17068.0,10,15,3281.4900000000002,218.76600000000002,6.0,0
17069.0,55,5,1495.79,299.158,4.0,0
17070.0,14,1,304.24,304.24,0.0,1
17071.0,34,6,1402.42,233.73666666666668,3.0,0
17073.0,9,1,453.79,453.79,3.0,0
17075.0,153,3,696.07,232.02333333333334,1.0,0
17076.0,173,2,334.2,167.1,1.0,0
17080.0,169,1,76.32000000000001,76.32000000000001,1.0,0
17082.0,218,1,636.94,636.94,1.0,0
17083.0,9,3,1405.78,468.5933333333333,0.0,1
17085.0,23,5,1562.4,312.48,0.0,1
17088.0,82,2,1399.1100000000001,699.5550000000001,2.0,0
17090.0,127,3,649.05,216.35,3.0,0
17091.0,85,5,1994.41,398.882,3.0,0
17092.0,26,2,629.32,314.66,2.0,0
17094.0,222,1,302.0,302.0,0.0,1
17095.0,199,2,543.96,271.98,1.0,0
17096.0,43,2,443.94,221.97,2.0,0
17097.0,0,6,639.53,106.58833333333332,1.0,0
17101.0,78,1,230.57999999999998,230.57999999999998,3.0,0
17102.0,161,1,25.5,25.5,0.0,1
17105.0,59,2,665.78,332.89,0.0,1
17107.0,55,3,6332.61,2110.87,3.0,0
17109.0,132,2,464.59000000000003,232.29500000000002,4.0,0
17110.0,65,1,163.29999999999998,163.29999999999998,0.0,1
17114.0,38,6,601.9399999999999,100.32333333333332,1.0,0
17115.0,82,2,612.82,306.41,0.0,1
17117.0,188,1,116.19999999999999,116.19999999999999,0.0,1
17118.0,217,1,157.02,157.02,0.0,1
17120.0,133,1,307.46,307.46,0.0,1
17122.0,19,1,138.32,138.32,0.0,1
17123.0,61,1,345.29999999999995,345.29999999999995,0.0,1
17124.0,85,1,294.24,294.24,0.0,1
17126.0,52,5,989.45,197.89000000000001,0.0,1
17128.0,234,1,157.09,157.09,0.0,1
17133.0,90,3,2478.79,826.2633333333333,4.0,0
17134.0,6,2,413.2,206.6,0.0,1
17135.0,189,2,500.55,250.275,5.0,0
17138.0,175,1,380.5,380.5,0.0,1
17139.0,22,7,6851.82,978.8314285714285,5.0,0
17140.0,147,1,454.12,454.12,0.0,1
17142.0,139,1,579.0,579.0,0.0,1
17146.0,5,3,749.78,249.92666666666665,0.0,1
17147.0,106,2,973.11,486.555,2.0,0
17152.0,94,3,1689.5,563.1666666666666,0.0,1
17155.0,77,1,143.3,143.3,1.0,0
17157.0,76,1,161.46,161.46,0.0,1
17158.0,132,2,698.55,349.275,1.0,0
17159.0,71,1,528.45,528.45,2.0,0
17160.0,9,5,3001.18,600.236,1.0,0
17162.0,31,9,1463.66,162.6288888888889,1.0,0
17164.0,51,3,1270.42,423.47333333333336,4.0,0
17165.0,184,1,158.68,158.68,0.0,1
17166.0,103,1,127.59,127.59,1.0,0
17169.0,83,1,308.68,308.68,1.0,0
17171.0,189,1,224.91,224.91,0.0,1
17173.0,16,2,961.26,480.63,5.0,0
17174.0,117,1,59.9,59.9,0.0,1
17175.0,41,3,1132.6299999999999,377.5433333333333,1.0,0
17176.0,101,1,306.13,306.13,0.0,1
17179.0,78,3,711.79,237.26333333333332,0.0,1
17180.0,141,3,552.8,184.26666666666665,1.0,0
17181.0,273,1,155.52,155.52,1.0,0
17183.0,5,1,329.67,329.67,4.0,0
17187.0,126,1,203.95,203.95,0.0,1
17188.0,64,5,1815.09,363.018,2.0,0
17189.0,6,2,383.75,191.875,0.0,1
17190.0,107,1,195.0,195.0,1.0,0
17191.0,91,5,1175.7,235.14000000000001,2.0,0
17193.0,76,2,448.56000000000006,224.28000000000003,5.0,0
17194.0,173,2,262.62,131.31,0.0,1
17198.0,265,2,521.66,260.83,1.0,0
17204.0,75,4,1564.56,391.14,0.0,1
17211.0,80,6,1464.89,244.14833333333334,2.0,0
17212.0,153,1,226.85,226.85,0.0,1
17213.0,41,5,1780.01,356.002,2.0,0
17214.0,149,4,611.97,152.9925,2.0,0
17217.0,134,1,113.5,113.5,0.0,1
17218.0,114,5,943.58,188.716,4.0,0
17220.0,26,8,2165.5,270.6875,6.0,0
17223.0,210,2,416.89,208.445,0.0,1
17226.0,208,1,393.49,393.49,0.0,1
17227.0,72,3,473.75,157.91666666666666,3.0,0
17228.0,107,4,687.58,171.895,4.0,0
17229.0,42,1,157.71,157.71,1.0,0
17230.0,164,8,3638.41,454.80125,0.0,1
17231.0,26,7,1905.82,272.26,3.0,0
17234.0,82,1,149.89000000000001,149.89000000000001,0.0,1
17235.0,272,1,341.9,341.9,1.0,0
17236.0,79,5,697.73,139.546,1.0,0
17238.0,36,11,1943.57,176.68818181818182,4.0,0
17239.0,212,1,382.5,382.5,0.0,1
17242.0,8,2,1135.04,567.52,0.0,1
17243.0,13,15,3909.27,260.618,9.0,0
17245.0,104,1,171.45,171.45,0.0,1
17248.0,20,1,318.65,318.65,0.0,1
17250.0,161,1,162.65,162.65,0.0,1
17251.0,262,1,269.83,269.83,0.0,1
17252.0,16,2,348.91,174.455,0.0,1
17255.0,199,1,108.26,108.26,1.0,0
17256.0,7,2,240.0,120.0,0.0,1
17259.0,48,2,581.23,290.615,0.0,1
17262.0,127,4,955.3600000000001,238.84000000000003,1.0,0
17263.0,108,1,63.440000000000005,63.440000000000005,0.0,1
17265.0,38,2,550.01,275.005,0.0,1
17266.0,47,1,113.06,113.06,0.0,1
17267.0,27,2,317.2,158.6,0.0,1
17268.0,7,4,763.64,190.91,0.0,1
17272.0,99,2,1409.44,704.72,2.0,0
17277.0,127,2,1065.3500000000001,532.6750000000001,0.0,1
17278.0,141,1,246.04,246.04,0.0,1
17282.0,30,3,1685.46,561.82,0.0,1
17284.0,20,5,1489.04,297.808,1.0,0
17287.0,43,5,702.41,140.482,2.0,0
17288.0,107,5,663.7,132.74,1.0,0
17289.0,80,1,164.45,164.45,2.0,0
17291.0,208,1,550.8000000000001,550.8000000000001,0.0,1
17293.0,19,5,867.03,173.406,3.0,0
17298.0,1,2,498.42,249.21,0.0,1
17299.0,0,2,268.19,134.095,2.0,0
17302.0,22,3,661.61,220.53666666666666,2.0,0
17303.0,261,1,250.04,250.04,0.0,1
17306.0,28,14,6123.32,437.38,5.0,0
17311.0,216,1,556.46,556.46,1.0,0
17312.0,38,3,644.3,214.76666666666665,0.0,1
17314.0,48,5,1506.92,301.384,3.0,0
17315.0,0,30,4368.09,145.603,7.0,0
17320.0,0,3,1200.6200000000001,400.2066666666667,0.0,1
17323.0,24,4,530.95,132.7375,3.0,0
17324.0,231,2,702.23,351.115,2.0,0
17325.0,180,1,96.8,96.8,0.0,1
17329.0,215,1,243.36,243.36,1.0,0
17331.0,23,1,175.2,175.2,0.0,1
17334.0,202,2,307.02,153.51,0.0,1
17337.0,51,4,1981.06,495.265,0.0,1
17338.0,14,7,5163.92,737.7028571428572,1.0,0
17339.0,265,1,60.0,60.0,1.0,0
17340.0,20,7,7593.65,1084.8071428571427,4.0,0
17341.0,56,3,682.29,227.42999999999998,0.0,1
17343.0,255,1,193.64,193.64,0.0,1
17345.0,96,2,125.38,62.69,2.0,0
17346.0,3,8,1228.78,153.5975,6.0,0
17348.0,197,1,160.15,160.15,4.0,0
17349.0,79,1,98.25,98.25,0.0,1
17351.0,69,2,427.3,213.65,1.0,0
17353.0,29,2,1740.0,870.0,0.0,1
17356.0,211,1,178.22,178.22,0.0,1
17358.0,203,2,360.81,180.405,0.0,1
17360.0,84,1,320.9,320.9,2.0,0
17361.0,86,2,263.92,131.96,1.0,0
17362.0,139,2,312.23,156.115,0.0,1
17364.0,37,6,2617.41,436.23499999999996,2.0,0
17365.0,69,5,2336.81,467.36199999999997,3.0,0
17367.0,138,1,167.55,167.55,0.0,1
17368.0,73,5,1584.27,316.854,3.0,0
17370.0,69,1,110.69999999999999,110.69999999999999,3.0,0
17371.0,261,1,92.14,92.14,2.0,0
17372.0,66,6,1055.63,175.93833333333336,2.0,0
17373.0,34,2,287.3,143.65,2.0,0
17374.0,118,2,495.77,247.885,0.0,1
17375.0,99,3,400.1,133.36666666666667,0.0,1
17376.0,211,1,105.85,105.85,1.0,0
17377.0,26,9,2040.34,226.70444444444445,11.0,0
17381.0,19,23,16875.65,733.7239130434783,5.0,0
17384.0,119,1,227.65,227.65,1.0,0
17386.0,13,3,1541.4,513.8000000000001,2.0,0
17388.0,31,3,953.0300000000001,317.6766666666667,1.0,0
17389.0,21,24,8912.78,371.36583333333334,7.0,0
17391.0,63,2,508.8,254.4,0.0,1
17392.0,206,2,417.27,208.635,0.0,1
17394.0,119,1,203.86999999999998,203.86999999999998,0.0,1
17396.0,48,6,4801.8,800.3000000000001,2.0,0
17398.0,14,3,653.38,217.79333333333332,0.0,1
17400.0,26,5,2097.84,419.56800000000004,0.0,1
17402.0,1,8,1732.45,216.55625,4.0,0
17404.0,23,10,21004.3,2100.43,4.0,0
17405.0,50,1,393.31,393.31,1.0,0
17406.0,233,3,2184.42,728.14,0.0,1
17408.0,63,1,32.65,32.65,0.0,1
17409.0,84,2,771.85,385.925,0.0,1
17410.0,115,1,302.4,302.4,4.0,0
17411.0,161,1,285.58,285.58,2.0,0
17412.0,96,4,709.82,177.455,2.0,0
17414.0,84,1,598.0,598.0,1.0,0
17416.0,9,5,5294.49,1058.898,2.0,0
17418.0,223,1,167.39000000000001,167.39000000000001,1.0,0
17419.0,43,8,2660.0,332.5,4.0,0
17420.0,71,2,391.51,195.755,1.0,0
17422.0,42,4,1296.18,324.045,2.0,0
17423.0,117,1,449.42,449.42,1.0,0
17426.0,75,3,3279.23,1093.0766666666666,1.0,0
17428.0,10,20,10661.09,533.0545,7.0,0
17429.0,28,3,524.9200000000001,174.97333333333336,0.0,1
17430.0,265,1,112.6,112.6,1.0,0
17431.0,213,1,403.3,403.3,0.0,1
17436.0,126,1,122.39999999999999,122.39999999999999,0.0,1
17438.0,153,1,388.45000000000005,388.45000000000005,0.0,1
17440.0,56,3,186.42000000000002,62.14000000000001,0.0,1
17442.0,21,4,1590.45,397.6125,2.0,0
17443.0,119,1,534.24,534.24,0.0,1
17444.0,47,3,2940.04,980.0133333333333,0.0,1
17446.0,76,2,120.9,60.45,0.0,1
17449.0,134,3,1322.69,440.8966666666667,3.0,0
17450.0,8,22,85610.34,3891.379090909091,23.0,0
17451.0,5,1,346.01,346.01,5.0,0
17454.0,92,4,517.53,129.3825,0.0,1
17455.0,103,1,131.7,131.7,0.0,1
17456.0,265,1,249.86,249.86,0.0,1
17457.0,26,5,1737.7,347.54,0.0,1
17460.0,125,5,462.58000000000004,92.516,1.0,0
17462.0,184,1,463.40999999999997,463.40999999999997,1.0,0
17463.0,76,3,1227.59,409.19666666666666,2.0,0
17464.0,58,1,289.96000000000004,289.96000000000004,0.0,1
17469.0,8,3,1050.27,350.09,2.0,0
17470.0,27,4,816.47,204.1175,1.0,0
17472.0,91,3,697.54,232.51333333333332,0.0,1
17483.0,34,2,274.74,137.37,1.0,0
17486.0,161,1,396.87,396.87,0.0,1
17489.0,112,1,208.56,208.56,1.0,0
17490.0,76,1,305.2,305.2,3.0,0
17491.0,33,5,1660.31,332.062,4.0,0
17492.0,148,1,374.57,374.57,0.0,1
17496.0,258,1,271.05,271.05,0.0,1
17499.0,189,1,622.88,622.88,0.0,1
17501.0,120,2,288.6,144.3,0.0,1
17504.0,106,9,2997.0299999999997,333.00333333333333,0.0,1
17505.0,61,2,1145.84,572.92,0.0,1
17507.0,161,2,605.58,302.79,0.0,1
17508.0,180,1,387.31,387.31,0.0,1
17511.0,14,20,56175.47,2808.7735000000002,9.0,0
17512.0,21,8,1891.9,236.4875,2.0,0
17514.0,28,1,208.65,208.65,0.0,1
17515.0,106,3,571.37,190.45666666666668,1.0,0
17516.0,19,4,605.65,151.4125,1.0,0
17517.0,208,1,153.94,153.94,0.0,1
17519.0,33,5,1488.0,297.6,1.0,0
17521.0,99,1,159.56,159.56,2.0,0
17522.0,38,4,912.25,228.0625,0.0,1
17524.0,261,1,145.0,145.0,0.0,1
17525.0,259,1,422.70000000000005,422.70000000000005,0.0,1
17526.0,190,3,872.8,290.93333333333334,0.0,1
17527.0,9,2,606.62,303.31,2.0,0
17530.0,106,6,1365.26,227.54333333333332,3.0,0
17531.0,90,1,296.7,296.7,0.0,1
17535.0,180,1,164.4,164.4,0.0,1
17536.0,77,1,76.5,76.5,0.0,1
17537.0,203,1,620.75,620.75,1.0,0
17540.0,216,1,268.8,268.8,1.0,0
17542.0,169,1,170.75,170.75,0.0,1
17548.0,133,1,103.3,103.3,0.0,1
17550.0,97,3,267.16,89.05333333333334,0.0,1
17551.0,259,1,290.34,290.34,0.0,1
17552.0,272,2,298.52,149.26,2.0,0
17553.0,29,1,1487.6,1487.6,0.0,1
17554.0,22,2,1249.89,624.945,2.0,0
17555.0,234,1,195.45,195.45,1.0,0
17556.0,105,1,157.9,157.9,0.0,1
17560.0,55,3,705.83,235.27666666666667,1.0,0
17562.0,9,4,661.1,165.275,3.0,0
17567.0,49,5,2335.05,467.01000000000005,2.0,0
17569.0,232,1,344.14,344.14,0.0,1
17571.0,45,3,559.55,186.51666666666665,1.0,0
17572.0,138,2,152.20000000000002,76.10000000000001,2.0,0
17574.0,142,1,185.65,185.65,0.0,1
17576.0,6,13,2140.7,164.66923076923075,5.0,0
17578.0,118,1,143.45999999999998,143.45999999999998,0.0,1
17579.0,37,2,270.86,135.43,0.0,1
17580.0,152,3,215.72,71.90666666666667,0.0,1
17581.0,9,17,6522.29,383.66411764705884,5.0,0
17582.0,136,1,175.27,175.27,0.0,1
17584.0,27,1,749.45,749.45,0.0,1
17585.0,9,4,1116.68,279.17,0.0,1
17588.0,0,3,1240.2,413.40000000000003,0.0,1
17589.0,51,3,1843.07,614.3566666666667,1.0,0
17591.0,22,6,1840.8700000000001,306.81166666666667,1.0,0
17593.0,44,3,2260.04,753.3466666666667,1.0,0
17594.0,154,1,315.0,315.0,1.0,0
17596.0,36,4,1737.08,434.27,3.0,0
17597.0,113,1,2044.3700000000001,2044.3700000000001,0.0,1
17601.0,139,1,116.00999999999999,116.00999999999999,0.0,1
17602.0,24,2,909.5500000000001,454.77500000000003,3.0,0
17604.0,117,2,309.36,154.68,0.0,1
17609.0,202,2,531.25,265.625,3.0,0
17611.0,23,9,2701.15,300.1277777777778,4.0,0
17612.0,12,4,1338.87,334.7175,2.0,0
17613.0,17,9,2976.69,330.74333333333334,5.0,0
17615.0,30,3,329.6,109.86666666666667,0.0,1
17616.0,73,3,571.1999999999999,190.39999999999998,0.0,1
17618.0,148,2,625.48,312.74,0.0,1
17619.0,212,1,214.37,214.37,0.0,1
17621.0,212,2,901.78,450.89,1.0,0
17624.0,118,1,400.3,400.3,1.0,0
17625.0,40,2,1227.13,613.565,2.0,0
17629.0,20,5,798.38,159.676,2.0,0
17630.0,69,2,503.59999999999997,251.79999999999998,0.0,1
17631.0,37,2,416.5,208.25,0.0,1
17633.0,3,2,648.61,324.305,2.0,0
17634.0,22,6,1917.28,319.5466666666667,3.0,0
17637.0,15,1,338.95,338.95,1.0,0
17639.0,176,1,108.5,108.5,0.0,1
17642.0,19,2,712.29,356.145,0.0,1
17643.0,273,1,101.55,101.55,0.0,1
17644.0,20,7,1625.63,232.23285714285717,3.0,0
17646.0,119,3,1008.39,336.13,0.0,1
17648.0,92,3,1107.39,369.13000000000005,1.0,0
17649.0,38,1,868.49,868.49,0.0,1
17651.0,55,4,1148.01,287.0025,6.0,0
17652.0,44,6,2713.57,452.2616666666667,6.0,0
17653.0,20,1,163.24,163.24,3.0,0
17654.0,177,1,117.55,117.55,0.0,1
17655.0,16,5,1903.3300000000002,380.66600000000005,2.0,0
17656.0,6,3,927.65,309.21666666666664,2.0,0
17658.0,111,1,317.59999999999997,317.59999999999997,1.0,0
17659.0,0,9,1653.03,183.67,3.0,0
17660.0,41,1,178.75,178.75,0.0,1
17663.0,54,4,1016.53,254.1325,3.0,0
17664.0,112,1,326.19,326.19,1.0,0
17667.0,61,4,1751.01,437.7525,1.0,0
17669.0,22,5,2433.22,486.64399999999995,2.0,0
17670.0,127,1,205.7,205.7,0.0,1
17671.0,57,3,1098.55,366.18333333333334,1.0,0
17672.0,209,1,1177.8400000000001,1177.8400000000001,1.0,0
17673.0,62,4,1175.62,293.905,1.0,0
17674.0,268,1,300.66,300.66,1.0,0
17675.0,1,23,14074.19,611.9213043478261,6.0,0
17676.0,9,4,730.84,182.71,1.0,0
17677.0,0,20,11666.5,583.325,8.0,0
17678.0,163,1,298.11,298.11,0.0,1
17682.0,15,5,1899.3500000000001,379.87,1.0,0
17685.0,166,5,1512.72,302.544,2.0,0
17686.0,20,5,4589.35,917.8700000000001,1.0,0
17690.0,1,11,3495.53,317.7754545454546,4.0,0
17691.0,258,2,290.40000000000003,145.20000000000002,0.0,1
17692.0,27,4,740.9399999999999,185.23499999999999,0.0,1
17693.0,37,1,200.47,200.47,0.0,1
17694.0,41,1,283.12,283.12,0.0,1
17695.0,31,2,765.34,382.67,0.0,1
17696.0,8,7,1915.5900000000001,273.6557142857143,1.0,0
17697.0,136,1,338.95,338.95,0.0,1
17698.0,160,1,154.95,154.95,0.0,1
17700.0,113,2,1125.57,562.785,2.0,0
17701.0,152,1,417.95,417.95,0.0,1
17702.0,8,3,1338.77,446.25666666666666,1.0,0
17703.0,9,2,490.96,245.48,1.0,0
17704.0,68,2,885.19,442.595,0.0,1
17705.0,6,6,968.0,161.33333333333334,2.0,0
17706.0,0,12,8027.5,668.9583333333334,4.0,0
17707.0,85,2,152.4,76.2,0.0,1
17708.0,87,2,263.33,131.665,0.0,1
17709.0,69,1,137.45,137.45,0.0,1
17711.0,189,1,220.53000000000003,220.53000000000003,1.0,0
17714.0,220,1,153.0,153.0,0.0,1
17715.0,100,1,326.4,326.4,0.0,1
17716.0,23,4,3436.76,859.19,7.0,0
17718.0,132,1,139.35,139.35,0.0,1
17719.0,6,12,4477.4,373.1166666666666,3.0,0
17720.0,13,3,887.6,295.8666666666667,1.0,0
17722.0,89,3,2100.88,700.2933333333334,1.0,0
17723.0,27,6,3276.4000000000005,546.0666666666667,0.0,1
17724.0,38,1,373.1,373.1,2.0,0
17725.0,0,8,2507.12,313.39,3.0,0
17730.0,6,8,3055.77,381.97125,4.0,0
17731.0,28,3,963.74,321.24666666666667,1.0,0
17732.0,272,1,303.97,303.97,0.0,1
17733.0,161,1,216.95000000000002,216.95000000000002,1.0,0
17734.0,36,2,540.21,270.105,1.0,0
17735.0,8,15,10219.99,681.3326666666667,3.0,0
17736.0,13,1,307.49,307.49,1.0,0
17738.0,48,3,1571.49,523.83,1.0,0
17739.0,96,3,1070.77,356.92333333333335,4.0,0
17742.0,13,2,355.11,177.555,0.0,1
17744.0,150,4,1288.96,322.24,1.0,0
17746.0,140,1,110.25,110.25,0.0,1
17747.0,12,1,71.4,71.4,0.0,1
17749.0,78,2,674.52,337.26,0.0,1
17750.0,13,4,1012.76,253.19,4.0,0
17752.0,259,1,80.64,80.64,0.0,1
17754.0,42,2,575.06,287.53,2.0,0
17757.0,14,20,3308.55,165.4275,8.0,0
17758.0,52,4,1433.25,358.3125,4.0,0
17759.0,69,2,167.15,83.575,1.0,0
17760.0,273,1,172.54,172.54,1.0,0
17763.0,163,1,15.0,15.0,0.0,1
17764.0,111,1,230.67000000000002,230.67000000000002,1.0,0
17765.0,58,3,367.63,122.54333333333334,0.0,1
17768.0,66,1,385.83,385.83,1.0,0
17769.0,38,4,1817.88,454.47,6.0,0
17770.0,98,5,1143.27,228.654,0.0,1
17771.0,223,1,115.8,115.8,1.0,0
17774.0,45,3,978.1899999999999,326.06333333333333,1.0,0
17775.0,154,1,56.4,56.4,0.0,1
17777.0,0,1,189.79999999999998,189.79999999999998,2.0,0
17779.0,43,1,323.09,323.09,2.0,0
17781.0,59,2,188.02,94.01,0.0,1
17783.0,147,1,112.41,112.41,1.0,0
17786.0,217,1,103.35,103.35,1.0,0
17787.0,52,4,1817.54,454.385,0.0,1
17788.0,29,1,16.7,16.7,1.0,0
17789.0,181,1,225.9,225.9,0.0,1
17790.0,20,12,1363.51,113.62583333333333,2.0,0
17795.0,79,2,342.83,171.415,0.0,1
17796.0,213,3,614.1,204.70000000000002,1.0,0
17797.0,82,1,272.41,272.41,2.0,0
17799.0,63,8,2128.33,266.04125,2.0,0
17800.0,17,6,765.3,127.55,3.0,0
17802.0,80,2,632.4200000000001,316.21000000000004,1.0,0
17809.0,29,8,2856.71,357.08875,4.0,0
17811.0,12,23,4651.41,202.23521739130433,14.0,0
17812.0,268,1,193.29999999999998,193.29999999999998,3.0,0
17816.0,169,2,21.31,10.655,2.0,0
17817.0,177,2,269.7,134.85,0.0,1
17819.0,82,6,3468.47,578.0783333333333,1.0,0
17827.0,142,4,1580.47,395.1175,0.0,1
17828.0,9,3,1076.66,358.8866666666667,1.0,0
17829.0,198,1,889.24,889.24,0.0,1
17830.0,161,2,287.65000000000003,143.82500000000002,0.0,1
17837.0,48,3,376.51,125.50333333333333,5.0,0
17838.0,192,3,1655.0,551.6666666666666,2.0,0
17841.0,3,78,22216.4,284.82564102564106,42.0,0
17843.0,203,1,205.48,205.48,0.0,1
17844.0,6,1,51.559999999999995,51.559999999999995,0.0,1
17848.0,28,8,821.5999999999999,102.69999999999999,1.0,0
17849.0,118,4,605.8000000000001,151.45000000000002,0.0,1
17850.0,272,34,5391.21,158.565,0.0,1
17854.0,85,2,311.26,155.63,0.0,1
17855.0,272,1,208.97,208.97,0.0,1
17856.0,133,3,1142.63,380.8766666666667,0.0,1
17857.0,9,13,13692.92,1053.3015384615385,8.0,0
17858.0,16,9,3641.25,404.5833333333333,2.0,0
17859.0,204,1,141.92000000000002,141.92000000000002,0.0,1
17860.0,268,1,226.45000000000002,226.45000000000002,0.0,1
17861.0,36,5,1299.49,259.898,2.0,0
17862.0,223,1,330.9,330.9,0.0,1
17863.0,45,4,1785.28,446.32,2.0,0
17864.0,175,1,200.85,200.85,2.0,0
17865.0,7,12,7017.34,584.7783333333333,8.0,0
17866.0,42,1,329.65,329.65,0.0,1
17867.0,43,4,957.48,239.37,2.0,0
17869.0,7,5,428.18,85.636,0.0,1
17870.0,23,6,601.5699999999999,100.26166666666666,5.0,0
17871.0,104,1,155.9,155.9,0.0,1
17873.0,84,4,1576.92,394.23,1.0,0
17874.0,85,6,683.46,113.91000000000001,0.0,1
17877.0,70,1,237.61,237.61,0.0,1
17879.0,73,1,178.51999999999998,178.51999999999998,0.0,1
17880.0,264,1,458.92,458.92,0.0,1
17881.0,204,1,133.35000000000002,133.35000000000002,0.0,1
17883.0,146,1,119.35,119.35,2.0,0
17884.0,211,3,590.54,196.84666666666666,0.0,1
17886.0,110,2,377.71,188.855,1.0,0
17887.0,29,1,111.35,111.35,0.0,1
17888.0,61,4,297.0,74.25,4.0,0
17889.0,112,2,201.37,100.685,0.0,1
17890.0,222,2,586.89,293.445,0.0,1
17891.0,62,1,203.85999999999999,203.85999999999999,0.0,1
17892.0,55,1,142.1,142.1,2.0,0
17893.0,125,1,107.21,107.21,0.0,1
17894.0,185,6,867.0,144.5,2.0,0
17897.0,72,3,541.8100000000001,180.60333333333335,0.0,1
17898.0,107,1,99.84,99.84,1.0,0
17899.0,59,1,154.55,154.55,0.0,1
17900.0,90,2,112.19999999999999,56.099999999999994,0.0,1
17905.0,56,3,617.74,205.91333333333333,1.0,0
17906.0,147,1,72.9,72.9,0.0,1
17908.0,273,1,232.03,232.03,0.0,1
17912.0,210,5,310.06,62.012,0.0,1
17913.0,255,1,218.05,218.05,1.0,0
17917.0,156,2,226.71,113.355,1.0,0
17920.0,5,9,2328.8,258.7555555555556,6.0,0
17921.0,48,3,595.47,198.49,1.0,0
17923.0,182,1,207.50000000000003,207.50000000000003,0.0,1
17924.0,201,2,502.20000000000005,251.10000000000002,5.0,0
17925.0,272,1,244.08,244.08,0.0,1
17926.0,33,2,397.29,198.645,0.0,1
17928.0,146,1,78.25999999999999,78.25999999999999,1.0,0
17929.0,12,3,707.0,235.66666666666666,1.0,0
17930.0,62,2,694.14,347.07,3.0,0
17931.0,34,2,408.36,204.18,0.0,1
17932.0,73,2,934.51,467.255,1.0,0
17935.0,38,2,145.79,72.895,0.0,1
17937.0,14,5,3614.52,722.904,1.0,0
17939.0,59,1,99.14,99.14,0.0,1
17940.0,8,9,3828.04,425.3377777777778,1.0,0
17941.0,30,1,304.56,304.56,0.0,1
17946.0,133,2,149.57999999999998,74.78999999999999,0.0,1
17948.0,47,1,358.56000000000006,358.56000000000006,0.0,1
17949.0,0,29,45325.6,1562.951724137931,11.0,0
17950.0,265,2,263.17,131.585,1.0,0
17951.0,258,2,409.50000000000006,204.75000000000003,1.0,0
17954.0,23,10,1885.21,188.52100000000002,1.0,0
17955.0,98,4,557.3,139.325,0.0,1
17956.0,149,1,12.75,12.75,0.0,1
17958.0,16,1,508.4599999999999,508.4599999999999,0.0,1
17960.0,71,1,73.78,73.78,0.0,1
17961.0,23,31,1179.62,38.052258064516124,8.0,0
17962.0,42,1,102.41,102.41,0.0,1
17964.0,272,1,261.76,261.76,1.0,0
17965.0,34,10,1887.73,188.773,4.0,0
17966.0,51,4,594.43,148.6075,1.0,0
17967.0,271,1,112.27,112.27,0.0,1
17968.0,273,1,265.1,265.1,0.0,1
17969.0,66,2,228.2,114.1,0.0,1
17970.0,111,1,562.79,562.79,0.0,1
17972.0,141,1,135.19,135.19,0.0,1
17974.0,119,1,164.07,164.07,2.0,0
17975.0,14,11,3950.4500000000003,359.13181818181823,2.0,0
17976.0,272,1,321.79,321.79,0.0,1
17978.0,265,1,300.91999999999996,300.91999999999996,0.0,1
17979.0,68,3,494.54,164.84666666666666,1.0,0
17980.0,65,3,811.45,270.48333333333335,0.0,1
17984.0,45,1,152.68,152.68,0.0,1
17987.0,85,1,198.57,198.57,0.0,1
17988.0,17,5,146.0,29.2,2.0,0
17990.0,136,3,630.84,210.28,0.0,1
17991.0,125,2,93.35,46.675,0.0,1
17994.0,21,4,674.89,168.7225,0.0,1
17995.0,181,1,76.1,76.1,0.0,1
17997.0,33,4,1268.51,317.1275,4.0,0
17999.0,266,1,190.34,190.34,1.0,0
18004.0,262,1,157.92,157.92,0.0,1
18008.0,103,7,2065.41,295.0585714285714,2.0,0
18009.0,135,1,247.39,247.39,0.0,1
18010.0,156,1,174.8,174.8,0.0,1
18011.0,273,1,102.78999999999999,102.78999999999999,0.0,1
18013.0,55,2,187.29,93.645,0.0,1
18016.0,86,3,482.86,160.95333333333335,2.0,0
18017.0,69,2,344.0,172.0,1.0,0
18018.0,8,2,122.14,61.07,0.0,1
18024.0,52,2,389.78,194.89,0.0,1
18032.0,234,1,73.5,73.5,0.0,1
18036.0,5,2,253.69,126.845,1.0,0
18037.0,54,6,70.02,11.67,0.0,1
18040.0,145,1,239.0,239.0,1.0,0
18041.0,3,16,2998.11,187.381875,5.0,0
18043.0,106,2,421.59,210.795,1.0,0
18044.0,66,7,1105.53,157.93285714285713,2.0,0
18048.0,103,2,172.29000000000002,86.14500000000001,0.0,1
18050.0,259,1,74.4,74.4,0.0,1
18055.0,28,7,3672.86,524.6942857142857,2.0,0
18056.0,188,1,363.65,363.65,0.0,1
18061.0,7,8,1793.51,224.18875,2.0,0
18062.0,73,3,720.52,240.17333333333332,0.0,1
18064.0,33,2,814.0,407.0,0.0,1
18065.0,83,8,1412.15,176.51875,3.0,0
18068.0,189,1,101.69999999999999,101.69999999999999,0.0,1
18069.0,80,3,978.32,326.1066666666667,2.0,0
18071.0,157,2,453.0,226.5,0.0,1
18072.0,85,1,247.44,247.44,0.0,1
18073.0,14,12,3859.82,321.6516666666667,0.0,1
18074.0,273,1,489.6,489.6,0.0,1
18075.0,6,8,1957.75,244.71875,2.0,0
18077.0,3,7,1622.34,231.76285714285714,3.0,0
18078.0,117,2,336.13,168.065,0.0,1
18079.0,26,2,2206.18,1103.09,2.0,0
18080.0,142,1,841.4999999999999,841.4999999999999,1.0,0
18081.0,12,2,208.05,104.025,1.0,0
18085.0,230,2,689.95,344.975,0.0,1
18086.0,174,1,101.34,101.34,0.0,1
18087.0,190,1,3202.9199999999996,3202.9199999999996,1.0,0
18092.0,19,8,5851.48,731.435,2.0,0
18093.0,20,3,2016.88,672.2933333333334,1.0,0
18094.0,36,5,2402.3,480.46000000000004,2.0,0
18095.0,212,2,580.0500000000001,290.02500000000003,0.0,1
18097.0,26,5,1986.2,397.24,0.0,1
18099.0,27,1,168.31,168.31,0.0,1
18101.0,43,1,110.23,110.23,1.0,0
18102.0,26,26,130537.23,5020.662692307692,31.0,0
18106.0,229,1,421.9,421.9,0.0,1
18108.0,154,1,271.0,271.0,0.0,1
18109.0,10,17,4433.02,260.7658823529412,6.0,0
18112.0,66,1,196.64,196.64,1.0,0
18113.0,268,1,76.32000000000001,76.32000000000001,0.0,1
18114.0,190,1,220.1,220.1,0.0,1
18116.0,134,7,1239.55,177.07857142857142,1.0,0
18118.0,47,18,4064.06,225.7811111111111,8.0,0
18119.0,267,1,180.7,180.7,0.0,1
18120.0,114,1,111.15,111.15,0.0,1
18121.0,49,2,653.3,326.65,0.0,1
18122.0,50,1,119.19,119.19,4.0,0
18125.0,101,3,933.9,311.3,1.0,0
18127.0,33,1,139.6,139.6,2.0,0
18129.0,143,1,112.55000000000001,112.55000000000001,0.0,1
18133.0,112,1,931.4999999999999,931.4999999999999,0.0,1
18135.0,90,1,109.82000000000001,109.82000000000001,4.0,0
18136.0,111,2,600.85,300.425,1.0,0
18138.0,195,1,152.65,152.65,0.0,1
18142.0,57,2,1019.52,509.76,0.0,1
18143.0,16,2,1000.16,500.08,0.0,1
18144.0,9,9,2165.55,240.61666666666667,2.0,0
18145.0,104,2,1023.78,511.89,2.0,0
18146.0,40,2,160.35000000000002,80.17500000000001,0.0,1
18147.0,8,1,98.88,98.88,1.0,0
18149.0,115,2,549.68,274.84,1.0,0
18150.0,40,2,413.28,206.64,1.0,0
18151.0,34,2,653.35,326.675,0.0,1
18155.0,70,2,266.56,133.28,1.0,0
18156.0,269,1,186.88,186.88,1.0,0
18159.0,201,1,530.15,530.15,0.0,1
18160.0,100,1,318.55,318.55,1.0,0
18161.0,40,3,771.26,257.08666666666664,2.0,0
18165.0,77,1,302.46000000000004,302.46000000000004,0.0,1
18167.0,5,1,498.48,498.48,2.0,0
18168.0,76,6,1160.04,193.34,0.0,1
18170.0,12,2,655.51,327.755,1.0,0
18171.0,62,3,684.4200000000001,228.14000000000001,2.0,0
18172.0,27,10,5329.32,532.932,10.0,0
18173.0,99,3,1728.8400000000001,576.2800000000001,1.0,0
18176.0,258,1,476.35,476.35,0.0,1
18177.0,57,5,1037.27,207.454,1.0,0
18178.0,28,4,1590.81,397.7025,0.0,1
18179.0,152,4,1103.16,275.79,1.0,0
18180.0,36,2,601.85,300.925,3.0,0
18183.0,127,2,632.07,316.035,0.0,1
18185.0,149,1,304.25,304.25,0.0,1
18188.0,190,1,426.6,426.6,2.0,0
18189.0,167,1,633.1,633.1,1.0,0
18190.0,92,2,284.46000000000004,142.23000000000002,0.0,1
18191.0,161,1,207.79999999999998,207.79999999999998,0.0,1
18193.0,65,1,243.76,243.76,0.0,1
18196.0,190,1,450.78,450.78,1.0,0
18198.0,0,14,4427.39,316.2421428571429,2.0,0
18200.0,6,1,150.35,150.35,0.0,1
18202.0,99,3,1396.99,465.66333333333336,0.0,1
18203.0,57,1,160.42000000000002,160.42000000000002,0.0,1
18204.0,9,2,1358.87,679.435,1.0,0
18210.0,167,1,142.4,142.4,3.0,0
18211.0,36,2,268.7,134.35,3.0,0
18212.0,226,1,216.07,216.07,0.0,1
18213.0,136,1,232.48000000000002,232.48000000000002,0.0,1
18218.0,111,2,641.92,320.96,0.0,1
18219.0,49,8,1367.13,170.89125,1.0,0
18220.0,126,1,305.28000000000003,305.28000000000003,0.0,1
18221.0,15,3,706.86,235.62,2.0,0
18223.0,43,10,3604.61,360.461,3.0,0
18224.0,163,1,158.95000000000002,158.95000000000002,0.0,1
18225.0,13,7,2730.78,390.1114285714286,4.0,0
18226.0,20,9,4251.03,472.33666666666664,2.0,0
18227.0,117,1,93.75,93.75,0.0,1
18229.0,10,13,4864.06,374.15846153846155,7.0,0
18230.0,73,4,1643.2800000000002,410.82000000000005,2.0,0
18231.0,92,5,2071.77,414.354,0.0,1
18232.0,57,3,500.62,166.87333333333333,1.0,0
18233.0,225,1,440.0,440.0,0.0,1
18235.0,20,2,749.8,374.9,1.0,0
18236.0,29,4,641.19,160.2975,2.0,0
18237.0,19,2,566.59,283.295,2.0,0
18239.0,118,5,1561.6100000000001,312.322,0.0,1
18241.0,6,10,1205.78,120.578,6.0,0
18242.0,96,2,694.08,347.04,2.0,0
18245.0,49,6,1672.81,278.8016666666667,0.0,1
18246.0,133,1,232.9,232.9,1.0,0
18248.0,22,2,804.02,402.01,0.0,1
18250.0,210,1,349.27,349.27,0.0,1
18252.0,71,1,69.89999999999999,69.89999999999999,1.0,0
18257.0,14,5,1562.8700000000001,312.574,3.0,0
18259.0,266,1,376.30000000000007,376.30000000000007,2.0,0
18260.0,72,6,2628.35,438.05833333333334,0.0,1
18262.0,40,1,149.48,149.48,0.0,1
18263.0,55,2,811.4,405.7,1.0,0
18265.0,58,1,488.55,488.55,1.0,0
18268.0,34,1,25.5,25.5,0.0,1
18269.0,266,1,168.6,168.6,0.0,1
18270.0,166,1,111.95,111.95,1.0,0
18272.0,13,4,2106.45,526.6125,1.0,0
18273.0,157,1,51.0,51.0,1.0,0
18280.0,177,1,180.60000000000002,180.60000000000002,0.0,1
18281.0,80,1,80.82,80.82,0.0,1
18282.0,26,1,100.21000000000001,100.21000000000001,0.0,1
18283.0,48,9,951.93,105.77,5.0,0
18287.0,101,1,765.28,765.28,2.0,0
